name,imagepath
0,imagesok/000002.jpg
0,imagesok/000003.jpg
0,imagesok/000004.jpg
0,imagesok/000005.jpg
0,imagesok/000006.jpg
0,imagesok/000007.jpg
0,imagesok/000008.jpg
0,imagesok/000009.jpg
0,imagesok/000010.jpg
0,imagesok/000011.jpg
0,imagesok/000012.jpg
0,imagesok/000013.jpg
0,imagesok/000014.jpg
0,imagesok/000015.jpg
0,imagesok/000016.jpg
0,imagesok/000017.jpg
0,imagesok/000018.jpg
0,imagesok/000019.jpg
0,imagesok/000020.jpg
0,imagesok/000021.jpg
0,imagesok/000022.jpg
0,imagesok/000023.jpg
0,imagesok/000024.jpg
0,imagesok/000025.jpg
0,imagesok/000026.jpg
0,imagesok/000027.jpg
0,imagesok/000028.jpg
0,imagesok/000029.jpg
0,imagesok/000030.jpg
0,imagesok/000031.jpg
0,imagesok/000032.jpg
0,imagesok/000033.jpg
0,imagesok/000034.jpg
0,imagesok/000035.jpg
0,imagesok/000036.jpg
0,imagesok/000037.jpg
0,imagesok/000038.jpg
0,imagesok/000039.jpg
0,imagesok/000040.jpg
0,imagesok/000041.jpg
0,imagesok/000042.jpg
0,imagesok/000043.jpg
0,imagesok/000044.jpg
0,imagesok/000045.jpg
0,imagesok/000046.jpg
0,imagesok/000047.jpg
0,imagesok/000048.jpg
0,imagesok/000049.jpg
0,imagesok/000050.jpg
0,imagesok/000051.jpg
0,imagesok/000052.jpg
0,imagesok/000053.jpg
0,imagesok/000054.jpg
0,imagesok/000055.jpg
0,imagesok/000056.jpg
0,imagesok/000057.jpg
0,imagesok/000058.jpg
0,imagesok/000059.jpg
0,imagesok/000060.jpg
0,imagesok/000061.jpg
0,imagesok/000062.jpg
0,imagesok/000063.jpg
0,imagesok/000064.jpg
0,imagesok/000065.jpg
0,imagesok/000066.jpg
0,imagesok/000067.jpg
0,imagesok/000068.jpg
0,imagesok/000069.jpg
0,imagesok/000070.jpg
0,imagesok/000071.jpg
0,imagesok/000072.jpg
0,imagesok/000073.jpg
0,imagesok/000074.jpg
0,imagesok/000075.jpg
0,imagesok/000076.jpg
0,imagesok/000077.jpg
0,imagesok/000078.jpg
0,imagesok/000079.jpg
0,imagesok/000080.jpg
0,imagesok/000081.jpg
0,imagesok/000082.jpg
0,imagesok/000083.jpg
0,imagesok/000084.jpg
0,imagesok/000085.jpg
0,imagesok/000086.jpg
0,imagesok/000087.jpg
0,imagesok/000088.jpg
0,imagesok/000089.jpg
0,imagesok/000090.jpg
0,imagesok/000091.jpg
0,imagesok/000092.jpg
0,imagesok/000093.jpg
0,imagesok/000094.jpg
0,imagesok/000095.jpg
0,imagesok/000096.jpg
0,imagesok/000097.jpg
0,imagesok/000098.jpg
0,imagesok/000099.jpg
0,imagesok/000100.jpg
0,imagesok/000101.jpg
0,imagesok/000102.jpg
0,imagesok/000103.jpg
0,imagesok/000104.jpg
0,imagesok/000105.jpg
0,imagesok/000106.jpg
0,imagesok/000107.jpg
0,imagesok/000108.jpg
0,imagesok/000109.jpg
0,imagesok/000110.jpg
0,imagesok/000111.jpg
0,imagesok/000112.jpg
0,imagesok/000113.jpg
0,imagesok/000114.jpg
0,imagesok/000115.jpg
0,imagesok/000116.jpg
0,imagesok/000117.jpg
0,imagesok/000118.jpg
0,imagesok/000119.jpg
0,imagesok/000120.jpg
0,imagesok/000121.jpg
0,imagesok/000122.jpg
0,imagesok/000123.jpg
0,imagesok/000124.jpg
0,imagesok/000125.jpg
0,imagesok/000126.jpg
0,imagesok/000127.jpg
0,imagesok/000128.jpg
0,imagesok/000129.jpg
0,imagesok/000130.jpg
0,imagesok/000131.jpg
0,imagesok/000132.jpg
0,imagesok/000133.jpg
0,imagesok/000134.jpg
0,imagesok/000135.jpg
0,imagesok/000136.jpg
0,imagesok/000137.jpg
0,imagesok/000138.jpg
0,imagesok/000139.jpg
0,imagesok/000140.jpg
0,imagesok/000141.jpg
0,imagesok/000142.jpg
0,imagesok/000143.jpg
0,imagesok/000144.jpg
0,imagesok/000145.jpg
0,imagesok/000146.jpg
0,imagesok/000147.jpg
0,imagesok/000148.jpg
0,imagesok/000149.jpg
0,imagesok/000150.jpg
0,imagesok/000151.jpg
0,imagesok/000152.jpg
0,imagesok/000153.jpg
0,imagesok/000154.jpg
0,imagesok/000155.jpg
0,imagesok/000156.jpg
0,imagesok/000157.jpg
0,imagesok/000158.jpg
0,imagesok/000159.jpg
0,imagesok/000160.jpg
0,imagesok/000161.jpg
0,imagesok/000162.jpg
0,imagesok/000163.jpg
0,imagesok/000164.jpg
0,imagesok/000165.jpg
0,imagesok/000166.jpg
0,imagesok/000167.jpg
0,imagesok/000168.jpg
0,imagesok/000169.jpg
0,imagesok/000170.jpg
0,imagesok/000171.jpg
0,imagesok/000172.jpg
0,imagesok/000173.jpg
0,imagesok/000174.jpg
0,imagesok/000175.jpg
0,imagesok/000176.jpg
0,imagesok/000177.jpg
0,imagesok/000178.jpg
0,imagesok/000179.jpg
0,imagesok/000180.jpg
0,imagesok/000181.jpg
0,imagesok/000182.jpg
0,imagesok/000183.jpg
0,imagesok/000184.jpg
0,imagesok/000185.jpg
0,imagesok/000186.jpg
0,imagesok/000187.jpg
0,imagesok/000188.jpg
0,imagesok/000189.jpg
0,imagesok/000190.jpg
0,imagesok/000191.jpg
0,imagesok/000192.jpg
0,imagesok/000193.jpg
0,imagesok/000194.jpg
0,imagesok/000195.jpg
0,imagesok/000196.jpg
0,imagesok/000197.jpg
0,imagesok/000198.jpg
0,imagesok/000199.jpg
0,imagesok/000200.jpg
0,imagesok/000201.jpg
0,imagesok/000202.jpg
0,imagesok/000203.jpg
0,imagesok/000204.jpg
0,imagesok/000205.jpg
0,imagesok/000206.jpg
0,imagesok/000207.jpg
0,imagesok/000208.jpg
0,imagesok/000209.jpg
0,imagesok/000210.jpg
0,imagesok/000211.jpg
0,imagesok/000212.jpg
0,imagesok/000213.jpg
0,imagesok/000214.jpg
0,imagesok/000215.jpg
0,imagesok/000216.jpg
0,imagesok/000217.jpg
0,imagesok/000218.jpg
0,imagesok/000219.jpg
0,imagesok/000220.jpg
0,imagesok/000221.jpg
0,imagesok/000222.jpg
0,imagesok/000223.jpg
0,imagesok/000224.jpg
0,imagesok/000225.jpg
0,imagesok/000226.jpg
0,imagesok/000227.jpg
0,imagesok/000228.jpg
0,imagesok/000229.jpg
0,imagesok/000230.jpg
0,imagesok/000231.jpg
0,imagesok/000232.jpg
0,imagesok/000233.jpg
0,imagesok/000234.jpg
0,imagesok/000235.jpg
0,imagesok/000236.jpg
0,imagesok/000237.jpg
0,imagesok/000238.jpg
0,imagesok/000239.jpg
0,imagesok/000240.jpg
0,imagesok/000241.jpg
0,imagesok/000242.jpg
0,imagesok/000243.jpg
0,imagesok/000244.jpg
0,imagesok/000245.jpg
0,imagesok/000246.jpg
0,imagesok/000247.jpg
0,imagesok/000248.jpg
0,imagesok/000249.jpg
0,imagesok/000250.jpg
0,imagesok/000251.jpg
0,imagesok/000252.jpg
0,imagesok/000253.jpg
0,imagesok/000254.jpg
0,imagesok/000255.jpg
0,imagesok/000256.jpg
0,imagesok/000257.jpg
0,imagesok/000258.jpg
0,imagesok/000259.jpg
0,imagesok/000260.jpg
0,imagesok/000261.jpg
0,imagesok/000262.jpg
0,imagesok/000263.jpg
0,imagesok/000264.jpg
0,imagesok/000265.jpg
0,imagesok/000266.jpg
0,imagesok/000267.jpg
0,imagesok/000268.jpg
0,imagesok/000269.jpg
0,imagesok/000270.jpg
0,imagesok/000271.jpg
0,imagesok/000272.jpg
0,imagesok/000273.jpg
0,imagesok/000274.jpg
0,imagesok/000275.jpg
0,imagesok/000276.jpg
0,imagesok/000277.jpg
0,imagesok/000278.jpg
0,imagesok/000279.jpg
0,imagesok/000280.jpg
0,imagesok/000281.jpg
0,imagesok/000282.jpg
0,imagesok/000283.jpg
0,imagesok/000284.jpg
0,imagesok/000285.jpg
0,imagesok/000286.jpg
0,imagesok/000287.jpg
0,imagesok/000288.jpg
0,imagesok/000289.jpg
0,imagesok/000290.jpg
0,imagesok/000291.jpg
0,imagesok/000292.jpg
0,imagesok/000293.jpg
0,imagesok/000294.jpg
0,imagesok/000295.jpg
0,imagesok/000296.jpg
0,imagesok/000297.jpg
0,imagesok/000298.jpg
0,imagesok/000299.jpg
0,imagesok/000300.jpg
0,imagesok/000301.jpg
0,imagesok/000302.jpg
0,imagesok/000303.jpg
0,imagesok/000304.jpg
0,imagesok/000305.jpg
0,imagesok/000306.jpg
0,imagesok/000307.jpg
0,imagesok/000308.jpg
0,imagesok/000309.jpg
0,imagesok/000310.jpg
0,imagesok/000311.jpg
0,imagesok/000312.jpg
0,imagesok/000313.jpg
0,imagesok/000314.jpg
0,imagesok/000315.jpg
0,imagesok/000316.jpg
0,imagesok/000317.jpg
0,imagesok/000318.jpg
0,imagesok/000319.jpg
0,imagesok/000320.jpg
0,imagesok/000321.jpg
0,imagesok/000322.jpg
0,imagesok/000323.jpg
0,imagesok/000324.jpg
0,imagesok/000325.jpg
0,imagesok/000326.jpg
0,imagesok/000327.jpg
0,imagesok/000328.jpg
0,imagesok/000329.jpg
0,imagesok/000330.jpg
0,imagesok/000331.jpg
0,imagesok/000332.jpg
0,imagesok/000333.jpg
0,imagesok/000334.jpg
0,imagesok/000335.jpg
0,imagesok/000336.jpg
0,imagesok/000337.jpg
0,imagesok/000338.jpg
0,imagesok/000339.jpg
0,imagesok/000340.jpg
0,imagesok/000341.jpg
0,imagesok/000342.jpg
0,imagesok/000343.jpg
0,imagesok/000344.jpg
0,imagesok/000345.jpg
0,imagesok/000346.jpg
0,imagesok/000347.jpg
0,imagesok/000348.jpg
0,imagesok/000349.jpg
0,imagesok/000350.jpg
0,imagesok/000351.jpg
0,imagesok/000352.jpg
0,imagesok/000353.jpg
0,imagesok/000354.jpg
0,imagesok/000355.jpg
0,imagesok/000356.jpg
0,imagesok/000357.jpg
0,imagesok/000358.jpg
0,imagesok/000359.jpg
0,imagesok/000360.jpg
0,imagesok/000361.jpg
0,imagesok/000362.jpg
0,imagesok/000363.jpg
0,imagesok/000364.jpg
0,imagesok/000365.jpg
0,imagesok/000366.jpg
0,imagesok/000367.jpg
0,imagesok/000368.jpg
0,imagesok/000369.jpg
0,imagesok/000370.jpg
0,imagesok/000371.jpg
0,imagesok/000372.jpg
0,imagesok/000373.jpg
0,imagesok/000374.jpg
0,imagesok/000375.jpg
0,imagesok/000376.jpg
0,imagesok/000377.jpg
0,imagesok/000378.jpg
0,imagesok/000379.jpg
0,imagesok/000380.jpg
0,imagesok/000381.jpg
0,imagesok/000382.jpg
0,imagesok/000383.jpg
0,imagesok/000384.jpg
0,imagesok/000385.jpg
0,imagesok/000386.jpg
0,imagesok/000387.jpg
0,imagesok/000388.jpg
0,imagesok/000389.jpg
0,imagesok/000390.jpg
0,imagesok/000391.jpg
0,imagesok/000392.jpg
0,imagesok/000393.jpg
0,imagesok/000394.jpg
0,imagesok/000395.jpg
0,imagesok/000396.jpg
0,imagesok/000397.jpg
0,imagesok/000398.jpg
0,imagesok/000399.jpg
0,imagesok/000400.jpg
0,imagesok/000401.jpg
0,imagesok/000402.jpg
0,imagesok/000403.jpg
0,imagesok/000404.jpg
0,imagesok/000405.jpg
0,imagesok/000406.jpg
0,imagesok/000407.jpg
0,imagesok/000408.jpg
0,imagesok/000409.jpg
0,imagesok/000410.jpg
0,imagesok/000411.jpg
0,imagesok/000412.jpg
0,imagesok/000413.jpg
0,imagesok/000414.jpg
0,imagesok/000415.jpg
0,imagesok/000416.jpg
0,imagesok/000417.jpg
0,imagesok/000418.jpg
0,imagesok/000419.jpg
0,imagesok/000420.jpg
0,imagesok/000421.jpg
0,imagesok/000422.jpg
0,imagesok/000423.jpg
0,imagesok/000424.jpg
0,imagesok/000425.jpg
0,imagesok/000426.jpg
0,imagesok/000427.jpg
0,imagesok/000428.jpg
0,imagesok/000429.jpg
0,imagesok/000430.jpg
0,imagesok/000431.jpg
0,imagesok/000432.jpg
0,imagesok/000433.jpg
0,imagesok/000434.jpg
0,imagesok/000435.jpg
0,imagesok/000436.jpg
0,imagesok/000437.jpg
0,imagesok/000438.jpg
0,imagesok/000439.jpg
0,imagesok/000440.jpg
0,imagesok/000441.jpg
0,imagesok/000442.jpg
0,imagesok/000443.jpg
0,imagesok/000444.jpg
0,imagesok/000445.jpg
0,imagesok/000446.jpg
0,imagesok/000447.jpg
0,imagesok/000448.jpg
0,imagesok/000449.jpg
0,imagesok/000450.jpg
0,imagesok/000451.jpg
0,imagesok/000452.jpg
0,imagesok/000453.jpg
0,imagesok/000454.jpg
0,imagesok/000455.jpg
0,imagesok/000456.jpg
0,imagesok/000457.jpg
0,imagesok/000458.jpg
0,imagesok/000459.jpg
0,imagesok/000460.jpg
0,imagesok/000461.jpg
0,imagesok/000462.jpg
0,imagesok/000463.jpg
0,imagesok/000464.jpg
0,imagesok/000465.jpg
0,imagesok/000466.jpg
0,imagesok/000467.jpg
0,imagesok/000468.jpg
0,imagesok/000469.jpg
0,imagesok/000470.jpg
0,imagesok/000471.jpg
0,imagesok/000472.jpg
0,imagesok/000473.jpg
0,imagesok/000474.jpg
0,imagesok/000475.jpg
0,imagesok/000476.jpg
0,imagesok/000477.jpg
0,imagesok/000478.jpg
0,imagesok/000479.jpg
0,imagesok/000480.jpg
0,imagesok/000481.jpg
0,imagesok/000482.jpg
0,imagesok/000483.jpg
0,imagesok/000484.jpg
0,imagesok/000485.jpg
0,imagesok/000486.jpg
0,imagesok/000487.jpg
0,imagesok/000488.jpg
0,imagesok/000489.jpg
0,imagesok/000490.jpg
0,imagesok/000491.jpg
0,imagesok/000492.jpg
0,imagesok/000493.jpg
0,imagesok/000494.jpg
0,imagesok/000495.jpg
0,imagesok/000496.jpg
0,imagesok/000497.jpg
0,imagesok/000498.jpg
0,imagesok/000499.jpg
0,imagesok/000500.jpg
0,imagesok/000501.jpg
0,imagesok/000502.jpg
0,imagesok/000503.jpg
0,imagesok/000504.jpg
0,imagesok/000505.jpg
0,imagesok/000506.jpg
0,imagesok/000507.jpg
0,imagesok/000508.jpg
0,imagesok/000509.jpg
0,imagesok/000510.jpg
0,imagesok/000511.jpg
0,imagesok/000512.jpg
0,imagesok/000513.jpg
0,imagesok/000514.jpg
0,imagesok/000515.jpg
0,imagesok/000516.jpg
0,imagesok/000517.jpg
0,imagesok/000518.jpg
0,imagesok/000519.jpg
0,imagesok/000520.jpg
0,imagesok/000521.jpg
0,imagesok/000522.jpg
0,imagesok/000523.jpg
0,imagesok/000524.jpg
0,imagesok/000525.jpg
0,imagesok/000526.jpg
0,imagesok/000527.jpg
0,imagesok/000528.jpg
0,imagesok/000529.jpg
0,imagesok/000530.jpg
0,imagesok/000531.jpg
0,imagesok/000532.jpg
0,imagesok/000533.jpg
0,imagesok/000534.jpg
0,imagesok/000535.jpg
0,imagesok/000536.jpg
0,imagesok/000537.jpg
0,imagesok/000538.jpg
0,imagesok/000539.jpg
0,imagesok/000540.jpg
0,imagesok/000541.jpg
0,imagesok/000542.jpg
0,imagesok/000543.jpg
0,imagesok/000544.jpg
0,imagesok/000545.jpg
0,imagesok/000546.jpg
0,imagesok/000547.jpg
0,imagesok/000548.jpg
0,imagesok/000549.jpg
0,imagesok/000550.jpg
0,imagesok/000551.jpg
0,imagesok/000552.jpg
0,imagesok/000553.jpg
0,imagesok/000554.jpg
0,imagesok/000555.jpg
0,imagesok/000556.jpg
0,imagesok/000557.jpg
0,imagesok/000558.jpg
0,imagesok/000559.jpg
0,imagesok/000560.jpg
0,imagesok/000561.jpg
0,imagesok/000562.jpg
0,imagesok/000563.jpg
0,imagesok/000564.jpg
0,imagesok/000565.jpg
0,imagesok/000566.jpg
0,imagesok/000567.jpg
0,imagesok/000568.jpg
0,imagesok/000569.jpg
0,imagesok/000570.jpg
0,imagesok/000571.jpg
0,imagesok/000572.jpg
0,imagesok/000573.jpg
0,imagesok/000574.jpg
0,imagesok/000575.jpg
0,imagesok/000576.jpg
0,imagesok/000577.jpg
0,imagesok/000578.jpg
0,imagesok/000579.jpg
0,imagesok/000580.jpg
0,imagesok/000581.jpg
0,imagesok/000582.jpg
0,imagesok/000583.jpg
0,imagesok/000584.jpg
0,imagesok/000585.jpg
0,imagesok/000586.jpg
0,imagesok/000587.jpg
0,imagesok/000588.jpg
0,imagesok/000589.jpg
0,imagesok/000590.jpg
0,imagesok/000591.jpg
0,imagesok/000592.jpg
0,imagesok/000593.jpg
0,imagesok/000594.jpg
0,imagesok/000595.jpg
0,imagesok/000596.jpg
0,imagesok/000597.jpg
0,imagesok/000598.jpg
0,imagesok/000599.jpg
0,imagesok/000600.jpg
0,imagesok/000601.jpg
0,imagesok/000602.jpg
0,imagesok/000603.jpg
0,imagesok/000604.jpg
0,imagesok/000605.jpg
0,imagesok/000606.jpg
0,imagesok/000607.jpg
0,imagesok/000608.jpg
0,imagesok/000609.jpg
0,imagesok/000610.jpg
0,imagesok/000611.jpg
0,imagesok/000612.jpg
0,imagesok/000613.jpg
0,imagesok/000614.jpg
0,imagesok/000615.jpg
0,imagesok/000616.jpg
0,imagesok/000617.jpg
0,imagesok/000618.jpg
0,imagesok/000619.jpg
0,imagesok/000620.jpg
0,imagesok/000621.jpg
0,imagesok/000622.jpg
0,imagesok/000623.jpg
0,imagesok/000624.jpg
0,imagesok/000625.jpg
0,imagesok/000626.jpg
0,imagesok/000627.jpg
0,imagesok/000628.jpg
0,imagesok/000629.jpg
0,imagesok/000630.jpg
0,imagesok/000631.jpg
0,imagesok/000632.jpg
0,imagesok/000633.jpg
0,imagesok/000634.jpg
0,imagesok/000635.jpg
0,imagesok/000636.jpg
0,imagesok/000637.jpg
0,imagesok/000638.jpg
0,imagesok/000639.jpg
0,imagesok/000640.jpg
0,imagesok/000641.jpg
0,imagesok/000642.jpg
0,imagesok/000643.jpg
0,imagesok/000644.jpg
0,imagesok/000645.jpg
0,imagesok/000646.jpg
0,imagesok/000647.jpg
0,imagesok/000648.jpg
0,imagesok/000649.jpg
0,imagesok/000650.jpg
0,imagesok/000651.jpg
0,imagesok/000652.jpg
0,imagesok/000653.jpg
0,imagesok/000654.jpg
0,imagesok/000655.jpg
0,imagesok/000656.jpg
0,imagesok/000657.jpg
0,imagesok/000658.jpg
0,imagesok/000659.jpg
0,imagesok/000660.jpg
0,imagesok/000661.jpg
0,imagesok/000662.jpg
0,imagesok/000663.jpg
0,imagesok/000664.jpg
0,imagesok/000665.jpg
0,imagesok/000666.jpg
0,imagesok/000667.jpg
0,imagesok/000668.jpg
0,imagesok/000669.jpg
0,imagesok/000670.jpg
0,imagesok/000671.jpg
0,imagesok/000672.jpg
0,imagesok/000673.jpg
0,imagesok/000674.jpg
0,imagesok/000675.jpg
0,imagesok/000676.jpg
0,imagesok/000677.jpg
0,imagesok/000678.jpg
0,imagesok/000679.jpg
0,imagesok/000680.jpg
0,imagesok/000681.jpg
0,imagesok/000682.jpg
0,imagesok/000683.jpg
0,imagesok/000684.jpg
0,imagesok/000685.jpg
0,imagesok/000686.jpg
0,imagesok/000687.jpg
0,imagesok/000688.jpg
0,imagesok/000689.jpg
0,imagesok/000690.jpg
0,imagesok/000691.jpg
0,imagesok/000692.jpg
0,imagesok/000693.jpg
0,imagesok/000694.jpg
0,imagesok/000695.jpg
0,imagesok/000696.jpg
0,imagesok/000697.jpg
0,imagesok/000698.jpg
0,imagesok/000699.jpg
0,imagesok/000700.jpg
0,imagesok/000701.jpg
0,imagesok/000702.jpg
0,imagesok/000703.jpg
0,imagesok/000704.jpg
0,imagesok/000705.jpg
0,imagesok/000706.jpg
0,imagesok/000707.jpg
0,imagesok/000708.jpg
0,imagesok/000709.jpg
0,imagesok/000710.jpg
0,imagesok/000711.jpg
0,imagesok/000712.jpg
0,imagesok/000713.jpg
0,imagesok/000714.jpg
0,imagesok/000715.jpg
0,imagesok/000716.jpg
0,imagesok/000717.jpg
0,imagesok/000718.jpg
0,imagesok/000719.jpg
0,imagesok/000720.jpg
0,imagesok/000721.jpg
0,imagesok/000722.jpg
0,imagesok/000723.jpg
0,imagesok/000724.jpg
0,imagesok/000725.jpg
0,imagesok/000726.jpg
0,imagesok/000727.jpg
0,imagesok/000728.jpg
0,imagesok/000729.jpg
0,imagesok/000730.jpg
0,imagesok/000731.jpg
0,imagesok/000732.jpg
0,imagesok/000733.jpg
0,imagesok/000734.jpg
0,imagesok/000735.jpg
0,imagesok/000736.jpg
0,imagesok/000737.jpg
0,imagesok/000738.jpg
0,imagesok/000739.jpg
0,imagesok/000740.jpg
0,imagesok/000741.jpg
0,imagesok/000742.jpg
0,imagesok/000743.jpg
0,imagesok/000744.jpg
0,imagesok/000745.jpg
0,imagesok/000746.jpg
0,imagesok/000747.jpg
0,imagesok/000748.jpg
0,imagesok/000749.jpg
0,imagesok/000750.jpg
0,imagesok/000751.jpg
0,imagesok/000752.jpg
0,imagesok/000753.jpg
0,imagesok/000754.jpg
0,imagesok/000755.jpg
0,imagesok/000756.jpg
0,imagesok/000757.jpg
0,imagesok/000758.jpg
0,imagesok/000759.jpg
0,imagesok/000760.jpg
0,imagesok/000761.jpg
0,imagesok/000762.jpg
0,imagesok/000763.jpg
0,imagesok/000764.jpg
0,imagesok/000765.jpg
0,imagesok/000766.jpg
0,imagesok/000767.jpg
0,imagesok/000768.jpg
0,imagesok/000769.jpg
0,imagesok/000770.jpg
0,imagesok/000771.jpg
0,imagesok/000772.jpg
0,imagesok/000773.jpg
0,imagesok/000774.jpg
0,imagesok/000775.jpg
0,imagesok/000776.jpg
0,imagesok/000777.jpg
0,imagesok/000778.jpg
0,imagesok/000779.jpg
0,imagesok/000780.jpg
0,imagesok/000781.jpg
0,imagesok/000782.jpg
0,imagesok/000783.jpg
0,imagesok/000784.jpg
0,imagesok/000785.jpg
0,imagesok/000786.jpg
0,imagesok/000787.jpg
0,imagesok/000788.jpg
0,imagesok/000789.jpg
0,imagesok/000790.jpg
0,imagesok/000791.jpg
0,imagesok/000792.jpg
0,imagesok/000793.jpg
0,imagesok/000794.jpg
0,imagesok/000795.jpg
0,imagesok/000796.jpg
0,imagesok/000797.jpg
0,imagesok/000798.jpg
0,imagesok/000799.jpg
0,imagesok/000800.jpg
0,imagesok/000801.jpg
0,imagesok/000802.jpg
0,imagesok/000803.jpg
0,imagesok/000804.jpg
0,imagesok/000805.jpg
0,imagesok/000806.jpg
0,imagesok/000807.jpg
0,imagesok/000808.jpg
0,imagesok/000809.jpg
0,imagesok/000810.jpg
0,imagesok/000811.jpg
0,imagesok/000812.jpg
0,imagesok/000813.jpg
0,imagesok/000814.jpg
0,imagesok/000815.jpg
0,imagesok/000816.jpg
0,imagesok/000817.jpg
0,imagesok/000818.jpg
0,imagesok/000819.jpg
0,imagesok/000820.jpg
0,imagesok/000821.jpg
0,imagesok/000822.jpg
0,imagesok/000823.jpg
0,imagesok/000824.jpg
0,imagesok/000825.jpg
0,imagesok/000826.jpg
0,imagesok/000827.jpg
0,imagesok/000828.jpg
0,imagesok/000829.jpg
0,imagesok/000830.jpg
0,imagesok/000831.jpg
0,imagesok/000832.jpg
0,imagesok/000833.jpg
0,imagesok/000834.jpg
0,imagesok/000835.jpg
0,imagesok/000836.jpg
0,imagesok/000837.jpg
0,imagesok/000838.jpg
0,imagesok/000839.jpg
0,imagesok/000840.jpg
0,imagesok/000841.jpg
0,imagesok/000842.jpg
0,imagesok/000843.jpg
0,imagesok/000844.jpg
0,imagesok/000845.jpg
0,imagesok/000846.jpg
0,imagesok/000847.jpg
0,imagesok/000848.jpg
0,imagesok/000849.jpg
0,imagesok/000850.jpg
0,imagesok/000851.jpg
0,imagesok/000852.jpg
0,imagesok/000853.jpg
0,imagesok/000854.jpg
0,imagesok/000855.jpg
0,imagesok/000856.jpg
0,imagesok/000857.jpg
0,imagesok/000858.jpg
0,imagesok/000859.jpg
0,imagesok/000860.jpg
0,imagesok/000861.jpg
0,imagesok/000862.jpg
0,imagesok/000863.jpg
0,imagesok/000864.jpg
0,imagesok/000865.jpg
0,imagesok/000866.jpg
0,imagesok/000867.jpg
0,imagesok/000868.jpg
0,imagesok/000869.jpg
0,imagesok/000870.jpg
0,imagesok/000871.jpg
0,imagesok/000872.jpg
0,imagesok/000873.jpg
0,imagesok/000874.jpg
0,imagesok/000875.jpg
0,imagesok/000876.jpg
0,imagesok/000877.jpg
0,imagesok/000878.jpg
0,imagesok/000879.jpg
0,imagesok/000880.jpg
0,imagesok/000881.jpg
0,imagesok/000882.jpg
0,imagesok/000883.jpg
0,imagesok/000884.jpg
0,imagesok/000885.jpg
0,imagesok/000886.jpg
0,imagesok/000887.jpg
0,imagesok/000888.jpg
0,imagesok/000889.jpg
0,imagesok/000890.jpg
0,imagesok/000891.jpg
0,imagesok/000892.jpg
0,imagesok/000893.jpg
0,imagesok/000894.jpg
0,imagesok/000895.jpg
0,imagesok/000896.jpg
0,imagesok/000897.jpg
0,imagesok/000898.jpg
0,imagesok/000899.jpg
0,imagesok/000900.jpg
0,imagesok/000901.jpg
0,imagesok/000902.jpg
0,imagesok/000903.jpg
0,imagesok/000904.jpg
0,imagesok/000905.jpg
0,imagesok/000906.jpg
0,imagesok/000907.jpg
0,imagesok/000908.jpg
0,imagesok/000909.jpg
0,imagesok/000910.jpg
0,imagesok/000911.jpg
0,imagesok/000912.jpg
0,imagesok/000913.jpg
0,imagesok/000914.jpg
0,imagesok/000915.jpg
0,imagesok/000916.jpg
0,imagesok/000917.jpg
0,imagesok/000918.jpg
0,imagesok/000919.jpg
0,imagesok/000920.jpg
0,imagesok/000921.jpg
0,imagesok/000922.jpg
0,imagesok/000923.jpg
0,imagesok/000924.jpg
0,imagesok/000925.jpg
0,imagesok/000926.jpg
0,imagesok/000927.jpg
0,imagesok/000928.jpg
0,imagesok/000929.jpg
0,imagesok/000930.jpg
0,imagesok/000931.jpg
0,imagesok/000932.jpg
0,imagesok/000933.jpg
0,imagesok/000934.jpg
0,imagesok/000935.jpg
0,imagesok/000936.jpg
0,imagesok/000937.jpg
0,imagesok/000938.jpg
0,imagesok/000939.jpg
0,imagesok/000940.jpg
0,imagesok/000941.jpg
0,imagesok/000942.jpg
0,imagesok/000943.jpg
0,imagesok/000944.jpg
0,imagesok/000945.jpg
0,imagesok/000946.jpg
0,imagesok/000947.jpg
0,imagesok/000948.jpg
0,imagesok/000949.jpg
0,imagesok/000950.jpg
0,imagesok/000951.jpg
0,imagesok/000952.jpg
0,imagesok/000953.jpg
0,imagesok/000954.jpg
0,imagesok/000955.jpg
0,imagesok/000956.jpg
0,imagesok/000957.jpg
0,imagesok/000958.jpg
0,imagesok/000959.jpg
0,imagesok/000960.jpg
0,imagesok/000961.jpg
0,imagesok/000962.jpg
0,imagesok/000963.jpg
0,imagesok/000964.jpg
0,imagesok/000965.jpg
0,imagesok/000966.jpg
0,imagesok/000967.jpg
0,imagesok/000968.jpg
0,imagesok/000969.jpg
0,imagesok/000970.jpg
0,imagesok/000971.jpg
0,imagesok/000972.jpg
0,imagesok/000973.jpg
0,imagesok/000974.jpg
0,imagesok/000975.jpg
0,imagesok/000976.jpg
0,imagesok/000977.jpg
0,imagesok/000978.jpg
0,imagesok/000979.jpg
0,imagesok/000980.jpg
0,imagesok/000981.jpg
0,imagesok/000982.jpg
0,imagesok/000983.jpg
0,imagesok/000984.jpg
0,imagesok/000985.jpg
0,imagesok/000986.jpg
0,imagesok/000987.jpg
0,imagesok/000988.jpg
0,imagesok/000989.jpg
0,imagesok/000990.jpg
0,imagesok/000991.jpg
0,imagesok/000992.jpg
0,imagesok/000993.jpg
0,imagesok/000994.jpg
0,imagesok/000995.jpg
0,imagesok/000996.jpg
0,imagesok/000997.jpg
0,imagesok/000998.jpg
0,imagesok/000999.jpg
0,imagesok/001000.jpg
0,imagesok/001001.jpg
0,imagesok/001002.jpg
0,imagesok/001003.jpg
0,imagesok/001004.jpg
0,imagesok/001005.jpg
0,imagesok/001006.jpg
0,imagesok/001007.jpg
0,imagesok/001008.jpg
0,imagesok/001009.jpg
0,imagesok/001010.jpg
0,imagesok/001011.jpg
0,imagesok/001012.jpg
0,imagesok/001013.jpg
0,imagesok/001014.jpg
0,imagesok/001015.jpg
0,imagesok/001016.jpg
0,imagesok/001017.jpg
0,imagesok/001018.jpg
0,imagesok/001019.jpg
0,imagesok/001020.jpg
0,imagesok/001021.jpg
0,imagesok/001022.jpg
0,imagesok/001023.jpg
0,imagesok/001024.jpg
0,imagesok/001025.jpg
0,imagesok/001026.jpg
0,imagesok/001027.jpg
0,imagesok/001028.jpg
0,imagesok/001029.jpg
0,imagesok/001030.jpg
0,imagesok/001031.jpg
0,imagesok/001032.jpg
0,imagesok/001033.jpg
0,imagesok/001034.jpg
0,imagesok/001035.jpg
0,imagesok/001036.jpg
0,imagesok/001037.jpg
0,imagesok/001038.jpg
0,imagesok/001039.jpg
0,imagesok/001040.jpg
0,imagesok/001041.jpg
0,imagesok/001042.jpg
0,imagesok/001043.jpg
0,imagesok/001044.jpg
0,imagesok/001045.jpg
0,imagesok/001046.jpg
0,imagesok/001047.jpg
0,imagesok/001048.jpg
0,imagesok/001049.jpg
0,imagesok/001050.jpg
0,imagesok/001051.jpg
0,imagesok/001052.jpg
0,imagesok/001053.jpg
0,imagesok/001054.jpg
0,imagesok/001055.jpg
0,imagesok/001056.jpg
0,imagesok/001057.jpg
0,imagesok/001058.jpg
0,imagesok/001059.jpg
0,imagesok/001060.jpg
0,imagesok/001061.jpg
0,imagesok/001062.jpg
0,imagesok/001063.jpg
0,imagesok/001064.jpg
0,imagesok/001065.jpg
0,imagesok/001066.jpg
0,imagesok/001067.jpg
0,imagesok/001068.jpg
0,imagesok/001069.jpg
0,imagesok/001070.jpg
0,imagesok/001071.jpg
0,imagesok/001072.jpg
0,imagesok/001073.jpg
0,imagesok/001074.jpg
0,imagesok/001075.jpg
0,imagesok/001076.jpg
0,imagesok/001077.jpg
0,imagesok/001078.jpg
0,imagesok/001079.jpg
0,imagesok/001080.jpg
0,imagesok/001081.jpg
0,imagesok/001082.jpg
0,imagesok/001083.jpg
0,imagesok/001084.jpg
0,imagesok/001085.jpg
0,imagesok/001086.jpg
0,imagesok/001087.jpg
0,imagesok/001088.jpg
0,imagesok/001089.jpg
0,imagesok/001090.jpg
0,imagesok/001091.jpg
0,imagesok/001092.jpg
0,imagesok/001093.jpg
0,imagesok/001094.jpg
0,imagesok/001095.jpg
0,imagesok/001096.jpg
0,imagesok/001097.jpg
0,imagesok/001098.jpg
0,imagesok/001099.jpg
0,imagesok/001100.jpg
0,imagesok/001101.jpg
0,imagesok/001102.jpg
0,imagesok/001103.jpg
0,imagesok/001104.jpg
0,imagesok/001105.jpg
0,imagesok/001106.jpg
0,imagesok/001107.jpg
0,imagesok/001108.jpg
0,imagesok/001109.jpg
0,imagesok/001110.jpg
0,imagesok/001111.jpg
0,imagesok/001112.jpg
0,imagesok/001113.jpg
0,imagesok/001114.jpg
0,imagesok/001115.jpg
0,imagesok/001116.jpg
0,imagesok/001117.jpg
0,imagesok/001118.jpg
0,imagesok/001119.jpg
0,imagesok/001120.jpg
0,imagesok/001121.jpg
0,imagesok/001122.jpg
0,imagesok/001123.jpg
0,imagesok/001124.jpg
0,imagesok/001125.jpg
0,imagesok/001126.jpg
0,imagesok/001127.jpg
0,imagesok/001128.jpg
0,imagesok/001129.jpg
0,imagesok/001130.jpg
0,imagesok/001131.jpg
0,imagesok/001132.jpg
0,imagesok/001133.jpg
0,imagesok/001134.jpg
0,imagesok/001135.jpg
0,imagesok/001136.jpg
0,imagesok/001137.jpg
0,imagesok/001138.jpg
0,imagesok/001139.jpg
0,imagesok/001140.jpg
0,imagesok/001141.jpg
0,imagesok/001142.jpg
0,imagesok/001143.jpg
0,imagesok/001144.jpg
0,imagesok/001145.jpg
0,imagesok/001146.jpg
0,imagesok/001147.jpg
0,imagesok/001148.jpg
0,imagesok/001149.jpg
0,imagesok/001150.jpg
0,imagesok/001151.jpg
0,imagesok/001152.jpg
0,imagesok/001153.jpg
0,imagesok/001154.jpg
0,imagesok/001155.jpg
0,imagesok/001156.jpg
0,imagesok/001157.jpg
0,imagesok/001158.jpg
0,imagesok/001159.jpg
0,imagesok/001160.jpg
0,imagesok/001161.jpg
0,imagesok/001162.jpg
0,imagesok/001163.jpg
0,imagesok/001164.jpg
0,imagesok/001165.jpg
0,imagesok/001166.jpg
0,imagesok/001167.jpg
0,imagesok/001168.jpg
0,imagesok/001169.jpg
0,imagesok/001170.jpg
0,imagesok/001171.jpg
0,imagesok/001172.jpg
0,imagesok/001173.jpg
0,imagesok/001174.jpg
0,imagesok/001175.jpg
0,imagesok/001176.jpg
0,imagesok/001177.jpg
0,imagesok/001178.jpg
0,imagesok/001179.jpg
0,imagesok/001180.jpg
0,imagesok/001181.jpg
0,imagesok/001182.jpg
0,imagesok/001183.jpg
0,imagesok/001184.jpg
0,imagesok/001185.jpg
0,imagesok/001186.jpg
0,imagesok/001187.jpg
0,imagesok/001188.jpg
0,imagesok/001189.jpg
0,imagesok/001190.jpg
0,imagesok/001191.jpg
0,imagesok/001192.jpg
0,imagesok/001193.jpg
0,imagesok/001194.jpg
0,imagesok/001195.jpg
0,imagesok/001196.jpg
0,imagesok/001197.jpg
0,imagesok/001198.jpg
0,imagesok/001199.jpg
0,imagesok/001200.jpg
0,imagesok/001201.jpg
0,imagesok/001202.jpg
0,imagesok/001203.jpg
0,imagesok/001204.jpg
0,imagesok/001205.jpg
0,imagesok/001206.jpg
0,imagesok/001207.jpg
0,imagesok/001208.jpg
0,imagesok/001209.jpg
0,imagesok/001210.jpg
0,imagesok/001211.jpg
0,imagesok/001212.jpg
0,imagesok/001213.jpg
0,imagesok/001214.jpg
0,imagesok/001215.jpg
0,imagesok/001216.jpg
0,imagesok/001217.jpg
0,imagesok/001218.jpg
0,imagesok/001219.jpg
0,imagesok/001220.jpg
0,imagesok/001221.jpg
0,imagesok/001222.jpg
0,imagesok/001223.jpg
0,imagesok/001224.jpg
0,imagesok/001225.jpg
0,imagesok/001226.jpg
0,imagesok/001227.jpg
0,imagesok/001228.jpg
0,imagesok/001229.jpg
0,imagesok/001230.jpg
0,imagesok/001231.jpg
0,imagesok/001232.jpg
0,imagesok/001233.jpg
0,imagesok/001234.jpg
0,imagesok/001235.jpg
0,imagesok/001236.jpg
0,imagesok/001237.jpg
0,imagesok/001238.jpg
0,imagesok/001239.jpg
0,imagesok/001240.jpg
0,imagesok/001241.jpg
0,imagesok/001242.jpg
0,imagesok/001243.jpg
0,imagesok/001244.jpg
0,imagesok/001245.jpg
0,imagesok/001246.jpg
0,imagesok/001247.jpg
0,imagesok/001248.jpg
0,imagesok/001249.jpg
0,imagesok/001250.jpg
0,imagesok/001251.jpg
0,imagesok/001252.jpg
0,imagesok/001253.jpg
0,imagesok/001254.jpg
0,imagesok/001255.jpg
0,imagesok/001256.jpg
0,imagesok/001257.jpg
0,imagesok/001258.jpg
0,imagesok/001259.jpg
0,imagesok/001260.jpg
0,imagesok/001261.jpg
0,imagesok/001262.jpg
0,imagesok/001263.jpg
0,imagesok/001264.jpg
0,imagesok/001265.jpg
0,imagesok/001266.jpg
0,imagesok/001267.jpg
0,imagesok/001268.jpg
0,imagesok/001269.jpg
0,imagesok/001270.jpg
0,imagesok/001271.jpg
0,imagesok/001272.jpg
0,imagesok/001273.jpg
0,imagesok/001274.jpg
0,imagesok/001275.jpg
0,imagesok/001276.jpg
0,imagesok/001277.jpg
0,imagesok/001278.jpg
0,imagesok/001279.jpg
0,imagesok/001280.jpg
0,imagesok/001281.jpg
0,imagesok/001282.jpg
0,imagesok/001283.jpg
0,imagesok/001284.jpg
0,imagesok/001285.jpg
0,imagesok/001286.jpg
0,imagesok/001287.jpg
0,imagesok/001288.jpg
0,imagesok/001289.jpg
0,imagesok/001290.jpg
0,imagesok/001291.jpg
0,imagesok/001292.jpg
0,imagesok/001293.jpg
0,imagesok/001294.jpg
0,imagesok/001295.jpg
0,imagesok/001296.jpg
0,imagesok/001297.jpg
0,imagesok/001298.jpg
0,imagesok/001299.jpg
0,imagesok/001300.jpg
0,imagesok/001301.jpg
0,imagesok/001302.jpg
0,imagesok/001303.jpg
0,imagesok/001304.jpg
0,imagesok/001305.jpg
0,imagesok/001306.jpg
0,imagesok/001307.jpg
0,imagesok/001308.jpg
0,imagesok/001309.jpg
0,imagesok/001310.jpg
0,imagesok/001311.jpg
0,imagesok/001312.jpg
0,imagesok/001313.jpg
0,imagesok/001314.jpg
0,imagesok/001315.jpg
0,imagesok/001316.jpg
0,imagesok/001317.jpg
0,imagesok/001318.jpg
0,imagesok/001319.jpg
0,imagesok/001320.jpg
0,imagesok/001321.jpg
0,imagesok/001322.jpg
0,imagesok/001323.jpg
0,imagesok/001324.jpg
0,imagesok/001325.jpg
0,imagesok/001326.jpg
0,imagesok/001327.jpg
0,imagesok/001328.jpg
0,imagesok/001329.jpg
0,imagesok/001330.jpg
0,imagesok/001331.jpg
0,imagesok/001332.jpg
0,imagesok/001333.jpg
0,imagesok/001334.jpg
0,imagesok/001335.jpg
0,imagesok/001336.jpg
0,imagesok/001337.jpg
0,imagesok/001338.jpg
0,imagesok/001339.jpg
0,imagesok/001340.jpg
0,imagesok/001341.jpg
0,imagesok/001342.jpg
0,imagesok/001343.jpg
0,imagesok/001344.jpg
0,imagesok/001345.jpg
0,imagesok/001346.jpg
0,imagesok/001347.jpg
0,imagesok/001348.jpg
0,imagesok/001349.jpg
0,imagesok/001350.jpg
0,imagesok/001351.jpg
0,imagesok/001352.jpg
0,imagesok/001353.jpg
0,imagesok/001354.jpg
0,imagesok/001355.jpg
0,imagesok/001356.jpg
0,imagesok/001357.jpg
0,imagesok/001358.jpg
0,imagesok/001359.jpg
0,imagesok/001360.jpg
0,imagesok/001361.jpg
0,imagesok/001362.jpg
0,imagesok/001363.jpg
0,imagesok/001364.jpg
0,imagesok/001365.jpg
0,imagesok/001366.jpg
0,imagesok/001367.jpg
0,imagesok/001368.jpg
0,imagesok/001369.jpg
0,imagesok/001370.jpg
0,imagesok/001371.jpg
0,imagesok/001372.jpg
0,imagesok/001373.jpg
0,imagesok/001374.jpg
0,imagesok/001375.jpg
0,imagesok/001376.jpg
0,imagesok/001377.jpg
0,imagesok/001378.jpg
0,imagesok/001379.jpg
0,imagesok/001380.jpg
0,imagesok/001381.jpg
0,imagesok/001382.jpg
0,imagesok/001383.jpg
0,imagesok/001384.jpg
0,imagesok/001385.jpg
0,imagesok/001386.jpg
0,imagesok/001387.jpg
0,imagesok/001388.jpg
0,imagesok/001389.jpg
0,imagesok/001390.jpg
0,imagesok/001391.jpg
0,imagesok/001392.jpg
0,imagesok/001393.jpg
0,imagesok/001394.jpg
0,imagesok/001395.jpg
0,imagesok/001396.jpg
0,imagesok/001397.jpg
0,imagesok/001398.jpg
0,imagesok/001399.jpg
0,imagesok/001400.jpg
0,imagesok/001401.jpg
0,imagesok/001402.jpg
0,imagesok/001403.jpg
0,imagesok/001404.jpg
0,imagesok/001405.jpg
0,imagesok/001406.jpg
0,imagesok/001407.jpg
0,imagesok/001408.jpg
0,imagesok/001409.jpg
0,imagesok/001410.jpg
0,imagesok/001411.jpg
0,imagesok/001412.jpg
0,imagesok/001413.jpg
0,imagesok/001414.jpg
0,imagesok/001415.jpg
0,imagesok/001416.jpg
0,imagesok/001417.jpg
0,imagesok/001418.jpg
0,imagesok/001419.jpg
0,imagesok/001420.jpg
0,imagesok/001421.jpg
0,imagesok/001422.jpg
0,imagesok/001423.jpg
0,imagesok/001424.jpg
0,imagesok/001425.jpg
0,imagesok/001426.jpg
0,imagesok/001427.jpg
0,imagesok/001428.jpg
0,imagesok/001429.jpg
0,imagesok/001430.jpg
0,imagesok/001431.jpg
0,imagesok/001432.jpg
0,imagesok/001433.jpg
0,imagesok/001434.jpg
0,imagesok/001435.jpg
0,imagesok/001436.jpg
0,imagesok/001437.jpg
0,imagesok/001438.jpg
0,imagesok/001439.jpg
0,imagesok/001440.jpg
0,imagesok/001441.jpg
0,imagesok/001442.jpg
0,imagesok/001443.jpg
0,imagesok/001444.jpg
0,imagesok/001445.jpg
0,imagesok/001446.jpg
0,imagesok/001447.jpg
0,imagesok/001448.jpg
0,imagesok/001449.jpg
0,imagesok/001450.jpg
0,imagesok/001451.jpg
0,imagesok/001452.jpg
0,imagesok/001453.jpg
0,imagesok/001454.jpg
0,imagesok/001455.jpg
0,imagesok/001456.jpg
0,imagesok/001457.jpg
0,imagesok/001458.jpg
0,imagesok/001459.jpg
0,imagesok/001460.jpg
0,imagesok/001461.jpg
0,imagesok/001462.jpg
0,imagesok/001463.jpg
0,imagesok/001464.jpg
0,imagesok/001465.jpg
0,imagesok/001466.jpg
0,imagesok/001467.jpg
0,imagesok/001468.jpg
0,imagesok/001469.jpg
0,imagesok/001470.jpg
0,imagesok/001471.jpg
0,imagesok/001472.jpg
0,imagesok/001473.jpg
0,imagesok/001474.jpg
0,imagesok/001475.jpg
0,imagesok/001476.jpg
0,imagesok/001477.jpg
0,imagesok/001478.jpg
0,imagesok/001479.jpg
0,imagesok/001480.jpg
0,imagesok/001481.jpg
0,imagesok/001482.jpg
0,imagesok/001483.jpg
0,imagesok/001484.jpg
0,imagesok/001485.jpg
0,imagesok/001486.jpg
0,imagesok/001487.jpg
0,imagesok/001488.jpg
0,imagesok/001489.jpg
0,imagesok/001490.jpg
0,imagesok/001491.jpg
0,imagesok/001492.jpg
0,imagesok/001493.jpg
0,imagesok/001494.jpg
0,imagesok/001495.jpg
0,imagesok/001496.jpg
0,imagesok/001497.jpg
0,imagesok/001498.jpg
0,imagesok/001499.jpg
0,imagesok/001500.jpg
0,imagesok/001501.jpg
0,imagesok/001502.jpg
0,imagesok/001503.jpg
0,imagesok/001504.jpg
0,imagesok/001505.jpg
0,imagesok/001506.jpg
0,imagesok/001507.jpg
0,imagesok/001508.jpg
0,imagesok/001509.jpg
0,imagesok/001510.jpg
0,imagesok/001511.jpg
0,imagesok/001512.jpg
0,imagesok/001513.jpg
0,imagesok/001514.jpg
0,imagesok/001515.jpg
0,imagesok/001516.jpg
0,imagesok/001517.jpg
0,imagesok/001518.jpg
0,imagesok/001519.jpg
0,imagesok/001520.jpg
0,imagesok/001521.jpg
0,imagesok/001522.jpg
0,imagesok/001523.jpg
0,imagesok/001524.jpg
0,imagesok/001525.jpg
0,imagesok/001526.jpg
0,imagesok/001527.jpg
0,imagesok/001528.jpg
0,imagesok/001529.jpg
0,imagesok/001530.jpg
0,imagesok/001531.jpg
0,imagesok/001532.jpg
0,imagesok/001533.jpg
0,imagesok/001534.jpg
0,imagesok/001535.jpg
0,imagesok/001536.jpg
0,imagesok/001537.jpg
0,imagesok/001538.jpg
0,imagesok/001539.jpg
0,imagesok/001540.jpg
0,imagesok/001541.jpg
0,imagesok/001542.jpg
0,imagesok/001543.jpg
0,imagesok/001544.jpg
0,imagesok/001545.jpg
0,imagesok/001546.jpg
0,imagesok/001547.jpg
0,imagesok/001548.jpg
0,imagesok/001549.jpg
0,imagesok/001550.jpg
0,imagesok/001551.jpg
0,imagesok/001552.jpg
0,imagesok/001553.jpg
0,imagesok/001554.jpg
0,imagesok/001555.jpg
0,imagesok/001556.jpg
0,imagesok/001557.jpg
0,imagesok/001558.jpg
0,imagesok/001559.jpg
0,imagesok/001560.jpg
0,imagesok/001561.jpg
0,imagesok/001562.jpg
0,imagesok/001563.jpg
0,imagesok/001564.jpg
0,imagesok/001565.jpg
0,imagesok/001566.jpg
0,imagesok/001567.jpg
0,imagesok/001568.jpg
0,imagesok/001569.jpg
0,imagesok/001570.jpg
0,imagesok/001571.jpg
0,imagesok/001572.jpg
0,imagesok/001573.jpg
0,imagesok/001574.jpg
0,imagesok/001575.jpg
0,imagesok/001576.jpg
0,imagesok/001577.jpg
0,imagesok/001578.jpg
0,imagesok/001579.jpg
0,imagesok/001580.jpg
0,imagesok/001581.jpg
0,imagesok/001582.jpg
0,imagesok/001583.jpg
0,imagesok/001584.jpg
0,imagesok/001585.jpg
0,imagesok/001586.jpg
0,imagesok/001587.jpg
0,imagesok/001588.jpg
0,imagesok/001589.jpg
0,imagesok/001590.jpg
0,imagesok/001591.jpg
0,imagesok/001592.jpg
0,imagesok/001593.jpg
0,imagesok/001594.jpg
0,imagesok/001595.jpg
0,imagesok/001596.jpg
0,imagesok/001597.jpg
0,imagesok/001598.jpg
0,imagesok/001599.jpg
0,imagesok/001600.jpg
0,imagesok/001601.jpg
0,imagesok/001602.jpg
0,imagesok/001603.jpg
0,imagesok/001604.jpg
0,imagesok/001605.jpg
0,imagesok/001606.jpg
0,imagesok/001607.jpg
0,imagesok/001608.jpg
0,imagesok/001609.jpg
0,imagesok/001610.jpg
0,imagesok/001611.jpg
0,imagesok/001612.jpg
0,imagesok/001613.jpg
0,imagesok/001614.jpg
0,imagesok/001615.jpg
0,imagesok/001616.jpg
0,imagesok/001617.jpg
0,imagesok/001618.jpg
0,imagesok/001619.jpg
0,imagesok/001620.jpg
0,imagesok/001621.jpg
0,imagesok/001622.jpg
0,imagesok/001623.jpg
0,imagesok/001624.jpg
0,imagesok/001625.jpg
0,imagesok/001626.jpg
0,imagesok/001627.jpg
0,imagesok/001628.jpg
0,imagesok/001629.jpg
0,imagesok/001630.jpg
0,imagesok/001631.jpg
0,imagesok/001632.jpg
0,imagesok/001633.jpg
0,imagesok/001634.jpg
0,imagesok/001635.jpg
0,imagesok/001636.jpg
0,imagesok/001637.jpg
0,imagesok/001638.jpg
0,imagesok/001639.jpg
0,imagesok/001640.jpg
0,imagesok/001641.jpg
0,imagesok/001642.jpg
0,imagesok/001643.jpg
0,imagesok/001644.jpg
0,imagesok/001645.jpg
0,imagesok/001646.jpg
0,imagesok/001647.jpg
0,imagesok/001648.jpg
0,imagesok/001649.jpg
0,imagesok/001650.jpg
0,imagesok/001651.jpg
0,imagesok/001652.jpg
0,imagesok/001653.jpg
0,imagesok/001654.jpg
0,imagesok/001655.jpg
0,imagesok/001656.jpg
0,imagesok/001657.jpg
0,imagesok/001658.jpg
0,imagesok/001659.jpg
0,imagesok/001660.jpg
0,imagesok/001661.jpg
0,imagesok/001662.jpg
0,imagesok/001663.jpg
0,imagesok/001664.jpg
0,imagesok/001665.jpg
0,imagesok/001666.jpg
0,imagesok/001667.jpg
0,imagesok/001668.jpg
0,imagesok/001669.jpg
0,imagesok/001670.jpg
0,imagesok/001671.jpg
0,imagesok/001672.jpg
0,imagesok/001673.jpg
0,imagesok/001674.jpg
0,imagesok/001675.jpg
0,imagesok/001676.jpg
0,imagesok/001677.jpg
0,imagesok/001678.jpg
0,imagesok/001679.jpg
0,imagesok/001680.jpg
0,imagesok/001681.jpg
0,imagesok/001682.jpg
0,imagesok/001683.jpg
0,imagesok/001684.jpg
0,imagesok/001685.jpg
0,imagesok/001686.jpg
0,imagesok/001687.jpg
0,imagesok/001688.jpg
0,imagesok/001689.jpg
0,imagesok/001690.jpg
0,imagesok/001691.jpg
0,imagesok/001692.jpg
0,imagesok/001693.jpg
0,imagesok/001694.jpg
0,imagesok/001695.jpg
0,imagesok/001696.jpg
0,imagesok/001697.jpg
0,imagesok/001698.jpg
0,imagesok/001699.jpg
0,imagesok/001700.jpg
0,imagesok/001701.jpg
0,imagesok/001702.jpg
0,imagesok/001703.jpg
0,imagesok/001704.jpg
0,imagesok/001705.jpg
0,imagesok/001706.jpg
0,imagesok/001707.jpg
0,imagesok/001708.jpg
0,imagesok/001709.jpg
0,imagesok/001710.jpg
0,imagesok/001711.jpg
0,imagesok/001712.jpg
0,imagesok/001713.jpg
0,imagesok/001714.jpg
0,imagesok/001715.jpg
0,imagesok/001716.jpg
0,imagesok/001717.jpg
0,imagesok/001718.jpg
0,imagesok/001719.jpg
0,imagesok/001720.jpg
0,imagesok/001721.jpg
0,imagesok/001722.jpg
0,imagesok/001723.jpg
0,imagesok/001724.jpg
0,imagesok/001725.jpg
0,imagesok/001726.jpg
0,imagesok/001727.jpg
0,imagesok/001728.jpg
0,imagesok/001729.jpg
0,imagesok/001730.jpg
0,imagesok/001731.jpg
0,imagesok/001732.jpg
0,imagesok/001733.jpg
0,imagesok/001734.jpg
0,imagesok/001735.jpg
0,imagesok/001736.jpg
0,imagesok/001737.jpg
0,imagesok/001738.jpg
0,imagesok/001739.jpg
0,imagesok/001740.jpg
0,imagesok/001741.jpg
0,imagesok/001742.jpg
0,imagesok/001743.jpg
0,imagesok/001744.jpg
0,imagesok/001745.jpg
0,imagesok/001746.jpg
0,imagesok/001747.jpg
0,imagesok/001748.jpg
0,imagesok/001749.jpg
0,imagesok/001750.jpg
0,imagesok/001751.jpg
0,imagesok/001752.jpg
0,imagesok/001753.jpg
0,imagesok/001754.jpg
0,imagesok/001755.jpg
0,imagesok/001756.jpg
0,imagesok/001757.jpg
0,imagesok/001758.jpg
0,imagesok/001759.jpg
0,imagesok/001760.jpg
0,imagesok/001761.jpg
0,imagesok/001762.jpg
0,imagesok/001763.jpg
0,imagesok/001764.jpg
0,imagesok/001765.jpg
0,imagesok/001766.jpg
0,imagesok/001767.jpg
0,imagesok/001768.jpg
0,imagesok/001769.jpg
0,imagesok/001770.jpg
0,imagesok/001771.jpg
0,imagesok/001772.jpg
0,imagesok/001773.jpg
0,imagesok/001774.jpg
0,imagesok/001775.jpg
0,imagesok/001776.jpg
0,imagesok/001777.jpg
0,imagesok/001778.jpg
0,imagesok/001779.jpg
0,imagesok/001780.jpg
0,imagesok/001781.jpg
0,imagesok/001782.jpg
0,imagesok/001783.jpg
0,imagesok/001784.jpg
0,imagesok/001785.jpg
0,imagesok/001786.jpg
0,imagesok/001787.jpg
0,imagesok/001788.jpg
0,imagesok/001789.jpg
0,imagesok/001790.jpg
0,imagesok/001791.jpg
0,imagesok/001792.jpg
0,imagesok/001793.jpg
0,imagesok/001794.jpg
0,imagesok/001795.jpg
0,imagesok/001796.jpg
0,imagesok/001797.jpg
0,imagesok/001798.jpg
0,imagesok/001799.jpg
0,imagesok/001800.jpg
0,imagesok/001801.jpg
0,imagesok/001802.jpg
0,imagesok/001803.jpg
0,imagesok/001804.jpg
0,imagesok/001805.jpg
0,imagesok/001806.jpg
0,imagesok/001807.jpg
0,imagesok/001808.jpg
0,imagesok/001809.jpg
0,imagesok/001810.jpg
0,imagesok/001811.jpg
0,imagesok/001812.jpg
0,imagesok/001813.jpg
0,imagesok/001814.jpg
0,imagesok/001815.jpg
0,imagesok/001816.jpg
0,imagesok/001817.jpg
0,imagesok/001818.jpg
0,imagesok/001819.jpg
0,imagesok/001820.jpg
0,imagesok/001821.jpg
0,imagesok/001822.jpg
0,imagesok/001823.jpg
0,imagesok/001824.jpg
0,imagesok/001825.jpg
0,imagesok/001826.jpg
0,imagesok/001827.jpg
0,imagesok/001828.jpg
0,imagesok/001829.jpg
0,imagesok/001830.jpg
0,imagesok/001831.jpg
0,imagesok/001832.jpg
0,imagesok/001833.jpg
0,imagesok/001834.jpg
0,imagesok/001835.jpg
0,imagesok/001836.jpg
0,imagesok/001837.jpg
0,imagesok/001838.jpg
0,imagesok/001839.jpg
0,imagesok/001840.jpg
0,imagesok/001841.jpg
0,imagesok/001842.jpg
0,imagesok/001843.jpg
0,imagesok/001844.jpg
0,imagesok/001845.jpg
0,imagesok/001846.jpg
0,imagesok/001847.jpg
0,imagesok/001848.jpg
0,imagesok/001849.jpg
0,imagesok/001850.jpg
0,imagesok/001851.jpg
0,imagesok/001852.jpg
0,imagesok/001853.jpg
0,imagesok/001854.jpg
0,imagesok/001855.jpg
0,imagesok/001856.jpg
0,imagesok/001857.jpg
0,imagesok/001858.jpg
0,imagesok/001859.jpg
0,imagesok/001860.jpg
0,imagesok/001861.jpg
0,imagesok/001862.jpg
0,imagesok/001863.jpg
0,imagesok/001864.jpg
0,imagesok/001865.jpg
0,imagesok/001866.jpg
0,imagesok/001867.jpg
0,imagesok/001868.jpg
0,imagesok/001869.jpg
0,imagesok/001870.jpg
0,imagesok/001871.jpg
0,imagesok/001872.jpg
0,imagesok/001873.jpg
0,imagesok/001874.jpg
0,imagesok/001875.jpg
0,imagesok/001876.jpg
0,imagesok/001877.jpg
0,imagesok/001878.jpg
0,imagesok/001879.jpg
0,imagesok/001880.jpg
0,imagesok/001881.jpg
0,imagesok/001882.jpg
0,imagesok/001883.jpg
0,imagesok/001884.jpg
0,imagesok/001885.jpg
0,imagesok/001886.jpg
0,imagesok/001887.jpg
0,imagesok/001888.jpg
0,imagesok/001889.jpg
0,imagesok/001890.jpg
0,imagesok/001891.jpg
0,imagesok/001892.jpg
0,imagesok/001893.jpg
0,imagesok/001894.jpg
0,imagesok/001895.jpg
0,imagesok/001896.jpg
0,imagesok/001897.jpg
0,imagesok/001898.jpg
0,imagesok/001899.jpg
0,imagesok/001900.jpg
0,imagesok/001901.jpg
0,imagesok/001902.jpg
0,imagesok/001903.jpg
0,imagesok/001904.jpg
0,imagesok/001905.jpg
0,imagesok/001906.jpg
0,imagesok/001907.jpg
0,imagesok/001908.jpg
0,imagesok/001909.jpg
0,imagesok/001910.jpg
0,imagesok/001911.jpg
0,imagesok/001912.jpg
0,imagesok/001913.jpg
0,imagesok/001914.jpg
0,imagesok/001915.jpg
0,imagesok/001916.jpg
0,imagesok/001917.jpg
0,imagesok/001918.jpg
0,imagesok/001919.jpg
0,imagesok/001920.jpg
0,imagesok/001921.jpg
0,imagesok/001922.jpg
0,imagesok/001923.jpg
0,imagesok/001924.jpg
0,imagesok/001925.jpg
0,imagesok/001926.jpg
0,imagesok/001927.jpg
0,imagesok/001928.jpg
0,imagesok/001929.jpg
0,imagesok/001930.jpg
0,imagesok/001931.jpg
0,imagesok/001932.jpg
0,imagesok/001933.jpg
0,imagesok/001934.jpg
0,imagesok/001935.jpg
0,imagesok/001936.jpg
0,imagesok/001937.jpg
0,imagesok/001938.jpg
0,imagesok/001939.jpg
0,imagesok/001940.jpg
0,imagesok/001941.jpg
0,imagesok/001942.jpg
0,imagesok/001943.jpg
0,imagesok/001944.jpg
0,imagesok/001945.jpg
0,imagesok/001946.jpg
0,imagesok/001947.jpg
0,imagesok/001948.jpg
0,imagesok/001949.jpg
0,imagesok/001950.jpg
0,imagesok/001951.jpg
0,imagesok/001952.jpg
0,imagesok/001953.jpg
0,imagesok/001954.jpg
0,imagesok/001955.jpg
0,imagesok/001956.jpg
0,imagesok/001957.jpg
0,imagesok/001958.jpg
0,imagesok/001959.jpg
0,imagesok/001960.jpg
0,imagesok/001961.jpg
0,imagesok/001962.jpg
0,imagesok/001963.jpg
0,imagesok/001964.jpg
0,imagesok/001965.jpg
0,imagesok/001966.jpg
0,imagesok/001967.jpg
0,imagesok/001968.jpg
0,imagesok/001969.jpg
0,imagesok/001970.jpg
0,imagesok/001971.jpg
0,imagesok/001972.jpg
0,imagesok/001973.jpg
0,imagesok/001974.jpg
0,imagesok/001975.jpg
0,imagesok/001976.jpg
0,imagesok/001977.jpg
0,imagesok/001978.jpg
0,imagesok/001979.jpg
0,imagesok/001980.jpg
0,imagesok/001981.jpg
0,imagesok/001982.jpg
0,imagesok/001983.jpg
0,imagesok/001984.jpg
0,imagesok/001985.jpg
0,imagesok/001986.jpg
0,imagesok/001987.jpg
0,imagesok/001988.jpg
0,imagesok/001989.jpg
0,imagesok/001990.jpg
0,imagesok/001991.jpg
0,imagesok/001992.jpg
0,imagesok/001993.jpg
0,imagesok/001994.jpg
0,imagesok/001995.jpg
0,imagesok/001996.jpg
0,imagesok/001997.jpg
0,imagesok/001998.jpg
0,imagesok/001999.jpg
0,imagesok/002000.jpg
0,imagesok/002001.jpg
0,imagesok/002002.jpg
0,imagesok/002003.jpg
0,imagesok/002004.jpg
0,imagesok/002005.jpg
0,imagesok/002006.jpg
0,imagesok/002007.jpg
0,imagesok/002008.jpg
0,imagesok/002009.jpg
0,imagesok/002010.jpg
0,imagesok/002011.jpg
0,imagesok/002012.jpg
0,imagesok/002013.jpg
0,imagesok/002014.jpg
0,imagesok/002015.jpg
0,imagesok/002016.jpg
0,imagesok/002017.jpg
0,imagesok/002018.jpg
0,imagesok/002019.jpg
0,imagesok/002020.jpg
0,imagesok/002021.jpg
0,imagesok/002022.jpg
0,imagesok/002023.jpg
0,imagesok/002024.jpg
0,imagesok/002025.jpg
0,imagesok/002026.jpg
0,imagesok/002027.jpg
0,imagesok/002028.jpg
0,imagesok/002029.jpg
0,imagesok/002030.jpg
0,imagesok/002031.jpg
0,imagesok/002032.jpg
0,imagesok/002033.jpg
0,imagesok/002034.jpg
0,imagesok/002035.jpg
0,imagesok/002036.jpg
0,imagesok/002037.jpg
0,imagesok/002038.jpg
0,imagesok/002039.jpg
0,imagesok/002040.jpg
0,imagesok/002041.jpg
0,imagesok/002042.jpg
0,imagesok/002043.jpg
0,imagesok/002044.jpg
0,imagesok/002045.jpg
0,imagesok/002046.jpg
0,imagesok/002047.jpg
0,imagesok/002048.jpg
0,imagesok/002049.jpg
0,imagesok/002050.jpg
0,imagesok/002051.jpg
0,imagesok/002052.jpg
0,imagesok/002053.jpg
0,imagesok/002054.jpg
0,imagesok/002055.jpg
0,imagesok/002056.jpg
0,imagesok/002057.jpg
0,imagesok/002058.jpg
0,imagesok/002059.jpg
0,imagesok/002060.jpg
0,imagesok/002061.jpg
0,imagesok/002062.jpg
0,imagesok/002063.jpg
0,imagesok/002064.jpg
0,imagesok/002065.jpg
0,imagesok/002066.jpg
0,imagesok/002067.jpg
0,imagesok/002068.jpg
0,imagesok/002069.jpg
0,imagesok/002070.jpg
0,imagesok/002071.jpg
0,imagesok/002072.jpg
0,imagesok/002073.jpg
0,imagesok/002074.jpg
0,imagesok/002075.jpg
0,imagesok/002076.jpg
0,imagesok/002077.jpg
0,imagesok/002078.jpg
0,imagesok/002079.jpg
0,imagesok/002080.jpg
0,imagesok/002081.jpg
0,imagesok/002082.jpg
0,imagesok/002083.jpg
0,imagesok/002084.jpg
0,imagesok/002085.jpg
0,imagesok/002086.jpg
0,imagesok/002087.jpg
0,imagesok/002088.jpg
0,imagesok/002089.jpg
0,imagesok/002090.jpg
0,imagesok/002091.jpg
0,imagesok/002092.jpg
0,imagesok/002093.jpg
0,imagesok/002094.jpg
0,imagesok/002095.jpg
0,imagesok/002096.jpg
0,imagesok/002097.jpg
0,imagesok/002098.jpg
0,imagesok/002099.jpg
0,imagesok/002100.jpg
0,imagesok/002101.jpg
0,imagesok/002102.jpg
0,imagesok/002103.jpg
0,imagesok/002104.jpg
0,imagesok/002105.jpg
0,imagesok/002106.jpg
0,imagesok/002107.jpg
0,imagesok/002108.jpg
0,imagesok/002109.jpg
0,imagesok/002110.jpg
0,imagesok/002111.jpg
0,imagesok/002112.jpg
0,imagesok/002113.jpg
0,imagesok/002114.jpg
0,imagesok/002115.jpg
0,imagesok/002116.jpg
0,imagesok/002117.jpg
0,imagesok/002118.jpg
0,imagesok/002119.jpg
0,imagesok/002120.jpg
0,imagesok/002121.jpg
0,imagesok/002122.jpg
0,imagesok/002123.jpg
0,imagesok/002124.jpg
0,imagesok/002125.jpg
0,imagesok/002126.jpg
0,imagesok/002127.jpg
0,imagesok/002128.jpg
0,imagesok/002129.jpg
0,imagesok/002130.jpg
0,imagesok/002131.jpg
0,imagesok/002132.jpg
0,imagesok/002133.jpg
0,imagesok/002134.jpg
0,imagesok/002135.jpg
0,imagesok/002136.jpg
0,imagesok/002137.jpg
0,imagesok/002138.jpg
0,imagesok/002139.jpg
0,imagesok/002140.jpg
0,imagesok/002141.jpg
0,imagesok/002142.jpg
0,imagesok/002143.jpg
0,imagesok/002144.jpg
0,imagesok/002145.jpg
0,imagesok/002146.jpg
0,imagesok/002147.jpg
0,imagesok/002148.jpg
0,imagesok/002149.jpg
0,imagesok/002150.jpg
0,imagesok/002151.jpg
0,imagesok/002152.jpg
0,imagesok/002153.jpg
0,imagesok/002154.jpg
0,imagesok/002155.jpg
0,imagesok/002156.jpg
0,imagesok/002157.jpg
0,imagesok/002158.jpg
0,imagesok/002159.jpg
0,imagesok/002160.jpg
0,imagesok/002161.jpg
0,imagesok/002162.jpg
0,imagesok/002163.jpg
0,imagesok/002164.jpg
0,imagesok/002165.jpg
0,imagesok/002166.jpg
0,imagesok/002167.jpg
0,imagesok/002168.jpg
0,imagesok/002169.jpg
0,imagesok/002170.jpg
0,imagesok/002171.jpg
0,imagesok/002172.jpg
0,imagesok/002173.jpg
0,imagesok/002174.jpg
0,imagesok/002175.jpg
0,imagesok/002176.jpg
0,imagesok/002177.jpg
0,imagesok/002178.jpg
0,imagesok/002179.jpg
0,imagesok/002180.jpg
0,imagesok/002181.jpg
0,imagesok/002182.jpg
0,imagesok/002183.jpg
0,imagesok/002184.jpg
0,imagesok/002185.jpg
0,imagesok/002186.jpg
0,imagesok/002187.jpg
0,imagesok/002188.jpg
0,imagesok/002189.jpg
0,imagesok/002190.jpg
0,imagesok/002191.jpg
0,imagesok/002192.jpg
0,imagesok/002193.jpg
0,imagesok/002194.jpg
0,imagesok/002195.jpg
0,imagesok/002196.jpg
0,imagesok/002197.jpg
0,imagesok/002198.jpg
0,imagesok/002199.jpg
0,imagesok/002200.jpg
0,imagesok/002201.jpg
0,imagesok/002202.jpg
0,imagesok/002203.jpg
0,imagesok/002204.jpg
0,imagesok/002205.jpg
0,imagesok/002206.jpg
0,imagesok/002207.jpg
0,imagesok/002208.jpg
0,imagesok/002209.jpg
0,imagesok/002210.jpg
0,imagesok/002211.jpg
0,imagesok/002212.jpg
0,imagesok/002213.jpg
0,imagesok/002214.jpg
0,imagesok/002215.jpg
0,imagesok/002216.jpg
0,imagesok/002217.jpg
0,imagesok/002218.jpg
0,imagesok/002219.jpg
0,imagesok/002220.jpg
0,imagesok/002221.jpg
0,imagesok/002222.jpg
0,imagesok/002223.jpg
0,imagesok/002224.jpg
0,imagesok/002225.jpg
0,imagesok/002226.jpg
0,imagesok/002227.jpg
0,imagesok/002228.jpg
0,imagesok/002229.jpg
0,imagesok/002230.jpg
0,imagesok/002231.jpg
0,imagesok/002232.jpg
0,imagesok/002233.jpg
0,imagesok/002234.jpg
0,imagesok/002235.jpg
0,imagesok/002236.jpg
0,imagesok/002237.jpg
0,imagesok/002238.jpg
0,imagesok/002239.jpg
0,imagesok/002240.jpg
0,imagesok/002241.jpg
0,imagesok/002242.jpg
0,imagesok/002243.jpg
0,imagesok/002244.jpg
0,imagesok/002245.jpg
0,imagesok/002246.jpg
0,imagesok/002247.jpg
0,imagesok/002248.jpg
0,imagesok/002249.jpg
0,imagesok/002250.jpg
0,imagesok/002251.jpg
0,imagesok/002252.jpg
0,imagesok/002253.jpg
0,imagesok/002254.jpg
0,imagesok/002255.jpg
0,imagesok/002256.jpg
0,imagesok/002257.jpg
0,imagesok/002258.jpg
0,imagesok/002259.jpg
0,imagesok/002260.jpg
0,imagesok/002261.jpg
0,imagesok/002262.jpg
0,imagesok/002263.jpg
0,imagesok/002264.jpg
0,imagesok/002265.jpg
0,imagesok/002266.jpg
0,imagesok/002267.jpg
0,imagesok/002268.jpg
0,imagesok/002269.jpg
0,imagesok/002270.jpg
0,imagesok/002271.jpg
0,imagesok/002272.jpg
0,imagesok/002273.jpg
0,imagesok/002274.jpg
0,imagesok/002275.jpg
0,imagesok/002276.jpg
0,imagesok/002277.jpg
0,imagesok/002278.jpg
0,imagesok/002279.jpg
0,imagesok/002280.jpg
0,imagesok/002281.jpg
0,imagesok/002282.jpg
0,imagesok/002283.jpg
0,imagesok/002284.jpg
0,imagesok/002285.jpg
0,imagesok/002286.jpg
0,imagesok/002287.jpg
0,imagesok/002288.jpg
0,imagesok/002289.jpg
0,imagesok/002290.jpg
0,imagesok/002291.jpg
0,imagesok/002292.jpg
0,imagesok/002293.jpg
0,imagesok/002294.jpg
0,imagesok/002295.jpg
0,imagesok/002296.jpg
0,imagesok/002297.jpg
0,imagesok/002298.jpg
0,imagesok/002299.jpg
0,imagesok/002300.jpg
0,imagesok/002301.jpg
0,imagesok/002302.jpg
0,imagesok/002303.jpg
0,imagesok/002304.jpg
0,imagesok/002305.jpg
0,imagesok/002306.jpg
0,imagesok/002307.jpg
0,imagesok/002308.jpg
0,imagesok/002309.jpg
0,imagesok/002310.jpg
0,imagesok/002311.jpg
0,imagesok/002312.jpg
0,imagesok/002313.jpg
0,imagesok/002314.jpg
0,imagesok/002315.jpg
0,imagesok/002316.jpg
0,imagesok/002317.jpg
0,imagesok/002318.jpg
0,imagesok/002319.jpg
0,imagesok/002320.jpg
0,imagesok/002321.jpg
0,imagesok/002322.jpg
0,imagesok/002323.jpg
0,imagesok/002324.jpg
0,imagesok/002325.jpg
0,imagesok/002326.jpg
0,imagesok/002327.jpg
0,imagesok/002328.jpg
0,imagesok/002329.jpg
0,imagesok/002330.jpg
0,imagesok/002331.jpg
0,imagesok/002332.jpg
0,imagesok/002333.jpg
0,imagesok/002334.jpg
0,imagesok/002335.jpg
0,imagesok/002336.jpg
0,imagesok/002337.jpg
0,imagesok/002338.jpg
0,imagesok/002339.jpg
0,imagesok/002340.jpg
0,imagesok/002341.jpg
0,imagesok/002342.jpg
0,imagesok/002343.jpg
0,imagesok/002344.jpg
0,imagesok/002345.jpg
0,imagesok/002346.jpg
0,imagesok/002347.jpg
0,imagesok/002348.jpg
0,imagesok/002349.jpg
0,imagesok/002350.jpg
0,imagesok/002351.jpg
0,imagesok/002352.jpg
0,imagesok/002353.jpg
0,imagesok/002354.jpg
0,imagesok/002355.jpg
0,imagesok/002356.jpg
0,imagesok/002357.jpg
0,imagesok/002358.jpg
0,imagesok/002359.jpg
0,imagesok/002360.jpg
0,imagesok/002361.jpg
0,imagesok/002362.jpg
0,imagesok/002363.jpg
0,imagesok/002364.jpg
0,imagesok/002365.jpg
0,imagesok/002366.jpg
0,imagesok/002367.jpg
0,imagesok/002368.jpg
0,imagesok/002369.jpg
0,imagesok/002370.jpg
0,imagesok/002371.jpg
0,imagesok/002372.jpg
0,imagesok/002373.jpg
0,imagesok/002374.jpg
0,imagesok/002375.jpg
0,imagesok/002376.jpg
0,imagesok/002377.jpg
0,imagesok/002378.jpg
0,imagesok/002379.jpg
0,imagesok/002380.jpg
0,imagesok/002381.jpg
0,imagesok/002382.jpg
0,imagesok/002383.jpg
0,imagesok/002384.jpg
0,imagesok/002385.jpg
0,imagesok/002386.jpg
0,imagesok/002387.jpg
0,imagesok/002388.jpg
0,imagesok/002389.jpg
0,imagesok/002390.jpg
0,imagesok/002391.jpg
0,imagesok/002392.jpg
0,imagesok/002393.jpg
0,imagesok/002394.jpg
0,imagesok/002395.jpg
0,imagesok/002396.jpg
0,imagesok/002397.jpg
0,imagesok/002398.jpg
0,imagesok/002399.jpg
0,imagesok/002400.jpg
0,imagesok/002401.jpg
0,imagesok/002402.jpg
0,imagesok/002403.jpg
0,imagesok/002404.jpg
0,imagesok/002405.jpg
0,imagesok/002406.jpg
0,imagesok/002407.jpg
0,imagesok/002408.jpg
0,imagesok/002409.jpg
0,imagesok/002410.jpg
0,imagesok/002411.jpg
0,imagesok/002412.jpg
0,imagesok/002413.jpg
0,imagesok/002414.jpg
0,imagesok/002415.jpg
0,imagesok/002416.jpg
0,imagesok/002417.jpg
0,imagesok/002418.jpg
0,imagesok/002419.jpg
0,imagesok/002420.jpg
0,imagesok/002421.jpg
0,imagesok/002422.jpg
0,imagesok/002423.jpg
0,imagesok/002424.jpg
0,imagesok/002425.jpg
0,imagesok/002426.jpg
0,imagesok/002427.jpg
0,imagesok/002428.jpg
0,imagesok/002429.jpg
0,imagesok/002430.jpg
0,imagesok/002431.jpg
0,imagesok/002432.jpg
0,imagesok/002433.jpg
0,imagesok/002434.jpg
0,imagesok/002435.jpg
0,imagesok/002436.jpg
0,imagesok/002437.jpg
0,imagesok/002438.jpg
0,imagesok/002439.jpg
0,imagesok/002440.jpg
0,imagesok/002441.jpg
0,imagesok/002442.jpg
0,imagesok/002443.jpg
0,imagesok/002444.jpg
0,imagesok/002445.jpg
0,imagesok/002446.jpg
0,imagesok/002447.jpg
0,imagesok/002448.jpg
0,imagesok/002449.jpg
0,imagesok/002450.jpg
0,imagesok/002451.jpg
0,imagesok/002452.jpg
0,imagesok/002453.jpg
0,imagesok/002454.jpg
0,imagesok/002455.jpg
0,imagesok/002456.jpg
0,imagesok/002457.jpg
0,imagesok/002458.jpg
0,imagesok/002459.jpg
0,imagesok/002460.jpg
0,imagesok/002461.jpg
0,imagesok/002462.jpg
0,imagesok/002463.jpg
0,imagesok/002464.jpg
0,imagesok/002465.jpg
0,imagesok/002466.jpg
0,imagesok/002467.jpg
0,imagesok/002468.jpg
0,imagesok/002469.jpg
0,imagesok/002470.jpg
0,imagesok/002471.jpg
0,imagesok/002472.jpg
0,imagesok/002473.jpg
0,imagesok/002474.jpg
0,imagesok/002475.jpg
0,imagesok/002476.jpg
0,imagesok/002477.jpg
0,imagesok/002478.jpg
0,imagesok/002479.jpg
0,imagesok/002480.jpg
0,imagesok/002481.jpg
0,imagesok/002482.jpg
0,imagesok/002483.jpg
0,imagesok/002484.jpg
0,imagesok/002485.jpg
0,imagesok/002486.jpg
0,imagesok/002487.jpg
0,imagesok/002488.jpg
0,imagesok/002489.jpg
0,imagesok/002490.jpg
0,imagesok/002491.jpg
0,imagesok/002492.jpg
0,imagesok/002493.jpg
0,imagesok/002494.jpg
0,imagesok/002495.jpg
0,imagesok/002496.jpg
0,imagesok/002497.jpg
0,imagesok/002498.jpg
0,imagesok/002499.jpg
0,imagesok/002500.jpg
0,imagesok/002501.jpg
0,imagesok/002502.jpg
0,imagesok/002503.jpg
0,imagesok/002504.jpg
0,imagesok/002505.jpg
0,imagesok/002506.jpg
0,imagesok/002507.jpg
0,imagesok/002508.jpg
0,imagesok/002509.jpg
0,imagesok/002510.jpg
0,imagesok/002511.jpg
0,imagesok/002512.jpg
0,imagesok/002513.jpg
0,imagesok/002514.jpg
0,imagesok/002515.jpg
0,imagesok/002516.jpg
0,imagesok/002517.jpg
0,imagesok/002518.jpg
0,imagesok/002519.jpg
0,imagesok/002520.jpg
0,imagesok/002521.jpg
0,imagesok/002522.jpg
0,imagesok/002523.jpg
0,imagesok/002524.jpg
0,imagesok/002525.jpg
0,imagesok/002526.jpg
0,imagesok/002527.jpg
0,imagesok/002528.jpg
0,imagesok/002529.jpg
0,imagesok/002530.jpg
0,imagesok/002531.jpg
0,imagesok/002532.jpg
0,imagesok/002533.jpg
0,imagesok/002534.jpg
0,imagesok/002535.jpg
0,imagesok/002536.jpg
0,imagesok/002537.jpg
0,imagesok/002538.jpg
0,imagesok/002539.jpg
0,imagesok/002540.jpg
0,imagesok/002541.jpg
0,imagesok/002542.jpg
0,imagesok/002543.jpg
0,imagesok/002544.jpg
0,imagesok/002545.jpg
0,imagesok/002546.jpg
0,imagesok/002547.jpg
0,imagesok/002548.jpg
0,imagesok/002549.jpg
0,imagesok/002550.jpg
0,imagesok/002551.jpg
0,imagesok/002552.jpg
0,imagesok/002553.jpg
0,imagesok/002554.jpg
0,imagesok/002555.jpg
0,imagesok/002556.jpg
0,imagesok/002557.jpg
0,imagesok/002558.jpg
0,imagesok/002559.jpg
0,imagesok/002560.jpg
0,imagesok/002561.jpg
0,imagesok/002562.jpg
0,imagesok/002563.jpg
0,imagesok/002564.jpg
0,imagesok/002565.jpg
0,imagesok/002566.jpg
0,imagesok/002567.jpg
0,imagesok/002568.jpg
0,imagesok/002569.jpg
0,imagesok/002570.jpg
0,imagesok/002571.jpg
0,imagesok/002572.jpg
0,imagesok/002573.jpg
0,imagesok/002574.jpg
0,imagesok/002575.jpg
0,imagesok/002576.jpg
0,imagesok/002577.jpg
0,imagesok/002578.jpg
0,imagesok/002579.jpg
0,imagesok/002580.jpg
0,imagesok/002581.jpg
0,imagesok/002582.jpg
0,imagesok/002583.jpg
0,imagesok/002584.jpg
0,imagesok/002585.jpg
0,imagesok/002586.jpg
0,imagesok/002587.jpg
0,imagesok/002588.jpg
0,imagesok/002589.jpg
0,imagesok/002590.jpg
0,imagesok/002591.jpg
0,imagesok/002592.jpg
0,imagesok/002593.jpg
0,imagesok/002594.jpg
0,imagesok/002595.jpg
0,imagesok/002596.jpg
0,imagesok/002597.jpg
0,imagesok/002598.jpg
0,imagesok/002599.jpg
0,imagesok/002600.jpg
0,imagesok/002601.jpg
0,imagesok/002602.jpg
0,imagesok/002603.jpg
0,imagesok/002604.jpg
0,imagesok/002605.jpg
0,imagesok/002606.jpg
0,imagesok/002607.jpg
0,imagesok/002608.jpg
0,imagesok/002609.jpg
0,imagesok/002610.jpg
0,imagesok/002611.jpg
0,imagesok/002612.jpg
0,imagesok/002613.jpg
0,imagesok/002614.jpg
0,imagesok/002615.jpg
0,imagesok/002616.jpg
0,imagesok/002617.jpg
0,imagesok/002618.jpg
0,imagesok/002619.jpg
0,imagesok/002620.jpg
0,imagesok/002621.jpg
0,imagesok/002622.jpg
0,imagesok/002623.jpg
0,imagesok/002624.jpg
0,imagesok/002625.jpg
0,imagesok/002626.jpg
0,imagesok/002627.jpg
0,imagesok/002628.jpg
0,imagesok/002629.jpg
0,imagesok/002630.jpg
0,imagesok/002631.jpg
0,imagesok/002632.jpg
0,imagesok/002633.jpg
0,imagesok/002634.jpg
0,imagesok/002635.jpg
0,imagesok/002636.jpg
0,imagesok/002637.jpg
0,imagesok/002638.jpg
0,imagesok/002639.jpg
0,imagesok/002640.jpg
0,imagesok/002641.jpg
0,imagesok/002642.jpg
0,imagesok/002643.jpg
0,imagesok/002644.jpg
0,imagesok/002645.jpg
0,imagesok/002646.jpg
0,imagesok/002647.jpg
0,imagesok/002648.jpg
0,imagesok/002649.jpg
0,imagesok/002650.jpg
0,imagesok/002651.jpg
0,imagesok/002652.jpg
0,imagesok/002653.jpg
0,imagesok/002654.jpg
0,imagesok/002655.jpg
0,imagesok/002656.jpg
0,imagesok/002657.jpg
0,imagesok/002658.jpg
0,imagesok/002659.jpg
0,imagesok/002660.jpg
0,imagesok/002661.jpg
0,imagesok/002662.jpg
0,imagesok/002663.jpg
0,imagesok/002664.jpg
0,imagesok/002665.jpg
0,imagesok/002666.jpg
0,imagesok/002667.jpg
0,imagesok/002668.jpg
0,imagesok/002669.jpg
0,imagesok/002670.jpg
0,imagesok/002671.jpg
0,imagesok/002672.jpg
0,imagesok/002673.jpg
1,imagesnotok/002674.jpg
1,imagesnotok/002675.jpg
1,imagesnotok/002676.jpg
1,imagesnotok/002677.jpg
1,imagesnotok/002678.jpg
1,imagesnotok/002679.jpg
1,imagesnotok/002680.jpg
1,imagesnotok/002681.jpg
1,imagesnotok/002682.jpg
1,imagesnotok/002683.jpg
1,imagesnotok/002684.jpg
1,imagesnotok/002685.jpg
1,imagesnotok/002686.jpg
1,imagesnotok/002687.jpg
1,imagesnotok/002688.jpg
1,imagesnotok/002689.jpg
1,imagesnotok/002690.jpg
1,imagesnotok/002691.jpg
1,imagesnotok/002692.jpg
1,imagesnotok/002693.jpg
1,imagesnotok/002694.jpg
1,imagesnotok/002695.jpg
1,imagesnotok/002696.jpg
1,imagesnotok/002697.jpg
1,imagesnotok/002698.jpg
1,imagesnotok/002699.jpg
1,imagesnotok/002700.jpg
1,imagesnotok/002701.jpg
1,imagesnotok/002702.jpg
1,imagesnotok/002703.jpg
1,imagesnotok/002704.jpg
1,imagesnotok/002705.jpg
1,imagesnotok/002706.jpg
1,imagesnotok/002707.jpg
1,imagesnotok/002708.jpg
1,imagesnotok/002709.jpg
1,imagesnotok/002710.jpg
1,imagesnotok/002711.jpg
1,imagesnotok/002712.jpg
1,imagesnotok/002713.jpg
1,imagesnotok/002714.jpg
1,imagesnotok/002715.jpg
1,imagesnotok/002716.jpg
1,imagesnotok/002717.jpg
1,imagesnotok/002718.jpg
1,imagesnotok/002719.jpg
1,imagesnotok/002720.jpg
1,imagesnotok/002721.jpg
1,imagesnotok/002722.jpg
1,imagesnotok/002723.jpg
1,imagesnotok/002724.jpg
1,imagesnotok/002725.jpg
1,imagesnotok/002726.jpg
1,imagesnotok/002727.jpg
1,imagesnotok/002728.jpg
1,imagesnotok/002729.jpg
1,imagesnotok/002730.jpg
1,imagesnotok/002731.jpg
1,imagesnotok/002732.jpg
1,imagesnotok/002733.jpg
1,imagesnotok/002734.jpg
1,imagesnotok/002735.jpg
1,imagesnotok/002736.jpg
1,imagesnotok/002737.jpg
1,imagesnotok/002738.jpg
1,imagesnotok/002739.jpg
1,imagesnotok/002740.jpg
1,imagesnotok/002741.jpg
1,imagesnotok/002742.jpg
1,imagesnotok/002743.jpg
1,imagesnotok/002744.jpg
1,imagesnotok/002745.jpg
1,imagesnotok/002746.jpg
1,imagesnotok/002747.jpg
1,imagesnotok/002748.jpg
1,imagesnotok/002749.jpg
1,imagesnotok/002750.jpg
1,imagesnotok/002751.jpg
1,imagesnotok/002752.jpg
1,imagesnotok/002753.jpg
1,imagesnotok/002754.jpg
1,imagesnotok/002755.jpg
1,imagesnotok/002756.jpg
1,imagesnotok/002757.jpg
1,imagesnotok/002758.jpg
1,imagesnotok/002759.jpg
1,imagesnotok/002760.jpg
1,imagesnotok/002761.jpg
1,imagesnotok/002762.jpg
1,imagesnotok/002763.jpg
1,imagesnotok/002764.jpg
1,imagesnotok/002765.jpg
1,imagesnotok/002766.jpg
1,imagesnotok/002767.jpg
1,imagesnotok/002768.jpg
1,imagesnotok/002769.jpg
1,imagesnotok/002770.jpg
1,imagesnotok/002771.jpg
1,imagesnotok/002772.jpg
1,imagesnotok/002773.jpg
1,imagesnotok/002774.jpg
1,imagesnotok/002775.jpg
1,imagesnotok/002776.jpg
1,imagesnotok/002777.jpg
1,imagesnotok/002778.jpg
1,imagesnotok/002779.jpg
1,imagesnotok/002780.jpg
1,imagesnotok/002781.jpg
1,imagesnotok/002782.jpg
1,imagesnotok/002783.jpg
1,imagesnotok/002784.jpg
1,imagesnotok/002785.jpg
1,imagesnotok/002786.jpg
1,imagesnotok/002787.jpg
1,imagesnotok/002788.jpg
1,imagesnotok/002789.jpg
1,imagesnotok/002790.jpg
1,imagesnotok/002791.jpg
1,imagesnotok/002792.jpg
1,imagesnotok/002793.jpg
1,imagesnotok/002794.jpg
1,imagesnotok/002795.jpg
1,imagesnotok/002796.jpg
1,imagesnotok/002797.jpg
1,imagesnotok/002798.jpg
1,imagesnotok/002799.jpg
1,imagesnotok/002800.jpg
1,imagesnotok/002801.jpg
1,imagesnotok/002802.jpg
1,imagesnotok/002803.jpg
1,imagesnotok/002804.jpg
1,imagesnotok/002805.jpg
1,imagesnotok/002806.jpg
1,imagesnotok/002807.jpg
1,imagesnotok/002808.jpg
1,imagesnotok/002809.jpg
1,imagesnotok/002810.jpg
1,imagesnotok/002811.jpg
1,imagesnotok/002812.jpg
1,imagesnotok/002813.jpg
1,imagesnotok/002814.jpg
1,imagesnotok/002815.jpg
1,imagesnotok/002816.jpg
1,imagesnotok/002817.jpg
1,imagesnotok/002818.jpg
1,imagesnotok/002819.jpg
1,imagesnotok/002820.jpg
1,imagesnotok/002821.jpg
1,imagesnotok/002822.jpg
1,imagesnotok/002823.jpg
1,imagesnotok/002824.jpg
1,imagesnotok/002825.jpg
1,imagesnotok/002826.jpg
1,imagesnotok/002827.jpg
1,imagesnotok/002828.jpg
1,imagesnotok/002829.jpg
1,imagesnotok/002830.jpg
1,imagesnotok/002831.jpg
1,imagesnotok/002832.jpg
1,imagesnotok/002833.jpg
1,imagesnotok/002834.jpg
1,imagesnotok/002835.jpg
1,imagesnotok/002836.jpg
1,imagesnotok/002837.jpg
1,imagesnotok/002838.jpg
1,imagesnotok/002839.jpg
1,imagesnotok/002840.jpg
1,imagesnotok/002841.jpg
1,imagesnotok/002842.jpg
1,imagesnotok/002843.jpg
1,imagesnotok/002844.jpg
1,imagesnotok/002845.jpg
1,imagesnotok/002846.jpg
1,imagesnotok/002847.jpg
1,imagesnotok/002848.jpg
1,imagesnotok/002849.jpg
1,imagesnotok/002850.jpg
1,imagesnotok/002851.jpg
1,imagesnotok/002852.jpg
1,imagesnotok/002853.jpg
1,imagesnotok/002854.jpg
1,imagesnotok/002855.jpg
1,imagesnotok/002856.jpg
1,imagesnotok/002857.jpg
1,imagesnotok/002858.jpg
1,imagesnotok/002859.jpg
1,imagesnotok/002860.jpg
1,imagesnotok/002861.jpg
1,imagesnotok/002862.jpg
1,imagesnotok/002863.jpg
1,imagesnotok/002864.jpg
1,imagesnotok/002865.jpg
1,imagesnotok/002866.jpg
1,imagesnotok/002867.jpg
1,imagesnotok/002868.jpg
1,imagesnotok/002869.jpg
1,imagesnotok/002870.jpg
1,imagesnotok/002871.jpg
1,imagesnotok/002872.jpg
1,imagesnotok/002873.jpg
1,imagesnotok/002874.jpg
1,imagesnotok/002875.jpg
1,imagesnotok/002876.jpg
1,imagesnotok/002877.jpg
1,imagesnotok/002878.jpg
1,imagesnotok/002879.jpg
1,imagesnotok/002880.jpg
1,imagesnotok/002881.jpg
1,imagesnotok/002882.jpg
1,imagesnotok/002883.jpg
1,imagesnotok/002884.jpg
1,imagesnotok/002885.jpg
1,imagesnotok/002886.jpg
1,imagesnotok/002887.jpg
1,imagesnotok/002888.jpg
1,imagesnotok/002889.jpg
1,imagesnotok/002890.jpg
1,imagesnotok/002891.jpg
1,imagesnotok/002892.jpg
1,imagesnotok/002893.jpg
1,imagesnotok/002894.jpg
1,imagesnotok/002895.jpg
1,imagesnotok/002896.jpg
1,imagesnotok/002897.jpg
1,imagesnotok/002898.jpg
1,imagesnotok/002899.jpg
1,imagesnotok/002900.jpg
1,imagesnotok/002901.jpg
1,imagesnotok/002902.jpg
1,imagesnotok/002903.jpg
1,imagesnotok/002904.jpg
1,imagesnotok/002905.jpg
1,imagesnotok/002906.jpg
1,imagesnotok/002907.jpg
1,imagesnotok/002908.jpg
1,imagesnotok/002909.jpg
1,imagesnotok/002910.jpg
1,imagesnotok/002911.jpg
1,imagesnotok/002912.jpg
1,imagesnotok/002913.jpg
1,imagesnotok/002914.jpg
1,imagesnotok/002915.jpg
1,imagesnotok/002916.jpg
1,imagesnotok/002917.jpg
1,imagesnotok/002918.jpg
1,imagesnotok/002919.jpg
1,imagesnotok/002920.jpg
1,imagesnotok/002921.jpg
1,imagesnotok/002922.jpg
1,imagesnotok/002923.jpg
1,imagesnotok/002924.jpg
1,imagesnotok/002925.jpg
1,imagesnotok/002926.jpg
1,imagesnotok/002927.jpg
1,imagesnotok/002928.jpg
1,imagesnotok/002929.jpg
1,imagesnotok/002930.jpg
1,imagesnotok/002931.jpg
1,imagesnotok/002932.jpg
1,imagesnotok/002933.jpg
1,imagesnotok/002934.jpg
1,imagesnotok/002935.jpg
1,imagesnotok/002936.jpg
1,imagesnotok/002937.jpg
1,imagesnotok/002938.jpg
1,imagesnotok/002939.jpg
1,imagesnotok/002940.jpg
1,imagesnotok/002941.jpg
1,imagesnotok/002942.jpg
1,imagesnotok/002943.jpg
1,imagesnotok/002944.jpg
1,imagesnotok/002945.jpg
1,imagesnotok/002946.jpg
1,imagesnotok/002947.jpg
1,imagesnotok/002948.jpg
1,imagesnotok/002949.jpg
1,imagesnotok/002950.jpg
1,imagesnotok/002951.jpg
1,imagesnotok/002952.jpg
1,imagesnotok/002953.jpg
1,imagesnotok/002954.jpg
1,imagesnotok/002955.jpg
1,imagesnotok/002956.jpg
1,imagesnotok/002957.jpg
1,imagesnotok/002958.jpg
1,imagesnotok/002959.jpg
1,imagesnotok/002960.jpg
1,imagesnotok/002961.jpg
1,imagesnotok/002962.jpg
1,imagesnotok/002963.jpg
1,imagesnotok/002964.jpg
1,imagesnotok/002965.jpg
1,imagesnotok/002966.jpg
1,imagesnotok/002967.jpg
1,imagesnotok/002968.jpg
1,imagesnotok/002969.jpg
1,imagesnotok/002970.jpg
1,imagesnotok/002971.jpg
1,imagesnotok/002972.jpg
1,imagesnotok/002973.jpg
1,imagesnotok/002974.jpg
1,imagesnotok/002975.jpg
1,imagesnotok/002976.jpg
1,imagesnotok/002977.jpg
1,imagesnotok/002978.jpg
1,imagesnotok/002979.jpg
1,imagesnotok/002980.jpg
1,imagesnotok/002981.jpg
1,imagesnotok/002982.jpg
1,imagesnotok/002983.jpg
1,imagesnotok/002984.jpg
1,imagesnotok/002985.jpg
1,imagesnotok/002986.jpg
1,imagesnotok/002987.jpg
1,imagesnotok/002988.jpg
1,imagesnotok/002989.jpg
1,imagesnotok/002990.jpg
1,imagesnotok/002991.jpg
1,imagesnotok/002992.jpg
1,imagesnotok/002993.jpg
1,imagesnotok/002994.jpg
1,imagesnotok/002995.jpg
1,imagesnotok/002996.jpg
1,imagesnotok/002997.jpg
1,imagesnotok/002998.jpg
1,imagesnotok/002999.jpg
1,imagesnotok/003000.jpg
1,imagesnotok/003001.jpg
1,imagesnotok/003002.jpg
1,imagesnotok/003003.jpg
1,imagesnotok/003004.jpg
1,imagesnotok/003005.jpg
1,imagesnotok/003006.jpg
1,imagesnotok/003007.jpg
1,imagesnotok/003008.jpg
1,imagesnotok/003009.jpg
1,imagesnotok/003010.jpg
1,imagesnotok/003011.jpg
1,imagesnotok/003012.jpg
1,imagesnotok/003013.jpg
1,imagesnotok/003014.jpg
1,imagesnotok/003015.jpg
1,imagesnotok/003016.jpg
1,imagesnotok/003017.jpg
1,imagesnotok/003018.jpg
1,imagesnotok/003019.jpg
1,imagesnotok/003020.jpg
1,imagesnotok/003021.jpg
1,imagesnotok/003022.jpg
1,imagesnotok/003023.jpg
1,imagesnotok/003024.jpg
1,imagesnotok/003025.jpg
1,imagesnotok/003026.jpg
1,imagesnotok/003027.jpg
1,imagesnotok/003028.jpg
1,imagesnotok/003029.jpg
1,imagesnotok/003030.jpg
1,imagesnotok/003031.jpg
1,imagesnotok/003032.jpg
1,imagesnotok/003033.jpg
1,imagesnotok/003034.jpg
1,imagesnotok/003035.jpg
1,imagesnotok/003036.jpg
1,imagesnotok/003037.jpg
1,imagesnotok/003038.jpg
1,imagesnotok/003039.jpg
1,imagesnotok/003040.jpg
1,imagesnotok/003041.jpg
1,imagesnotok/003042.jpg
1,imagesnotok/003043.jpg
1,imagesnotok/003044.jpg
1,imagesnotok/003045.jpg
1,imagesnotok/003046.jpg
1,imagesnotok/003047.jpg
1,imagesnotok/003048.jpg
1,imagesnotok/003049.jpg
1,imagesnotok/003050.jpg
1,imagesnotok/003051.jpg
1,imagesnotok/003052.jpg
1,imagesnotok/003053.jpg
1,imagesnotok/003054.jpg
1,imagesnotok/003055.jpg
1,imagesnotok/003056.jpg
1,imagesnotok/003057.jpg
1,imagesnotok/003058.jpg
1,imagesnotok/003059.jpg
1,imagesnotok/003060.jpg
1,imagesnotok/003061.jpg
1,imagesnotok/003062.jpg
1,imagesnotok/003063.jpg
1,imagesnotok/003064.jpg
1,imagesnotok/003065.jpg
1,imagesnotok/003066.jpg
1,imagesnotok/003067.jpg
1,imagesnotok/003068.jpg
1,imagesnotok/003069.jpg
1,imagesnotok/003070.jpg
1,imagesnotok/003071.jpg
1,imagesnotok/003072.jpg
1,imagesnotok/003073.jpg
1,imagesnotok/003074.jpg
1,imagesnotok/003075.jpg
1,imagesnotok/003076.jpg
1,imagesnotok/003077.jpg
1,imagesnotok/003078.jpg
1,imagesnotok/003079.jpg
1,imagesnotok/003080.jpg
1,imagesnotok/003081.jpg
1,imagesnotok/003082.jpg
1,imagesnotok/003083.jpg
1,imagesnotok/003084.jpg
1,imagesnotok/003085.jpg
1,imagesnotok/003086.jpg
1,imagesnotok/003087.jpg
1,imagesnotok/003088.jpg
1,imagesnotok/003089.jpg
1,imagesnotok/003090.jpg
1,imagesnotok/003091.jpg
1,imagesnotok/003092.jpg
1,imagesnotok/003093.jpg
1,imagesnotok/003094.jpg
1,imagesnotok/003095.jpg
1,imagesnotok/003096.jpg
1,imagesnotok/003097.jpg
1,imagesnotok/003098.jpg
1,imagesnotok/003099.jpg
1,imagesnotok/003100.jpg
1,imagesnotok/003101.jpg
1,imagesnotok/003102.jpg
1,imagesnotok/003103.jpg
1,imagesnotok/003104.jpg
1,imagesnotok/003105.jpg
1,imagesnotok/003106.jpg
1,imagesnotok/003107.jpg
1,imagesnotok/003108.jpg
1,imagesnotok/003109.jpg
1,imagesnotok/003110.jpg
1,imagesnotok/003111.jpg
1,imagesnotok/003112.jpg
1,imagesnotok/003113.jpg
1,imagesnotok/003114.jpg
1,imagesnotok/003115.jpg
1,imagesnotok/003116.jpg
1,imagesnotok/003117.jpg
1,imagesnotok/003118.jpg
1,imagesnotok/003119.jpg
1,imagesnotok/003120.jpg
1,imagesnotok/003121.jpg
1,imagesnotok/003122.jpg
1,imagesnotok/003123.jpg
1,imagesnotok/003124.jpg
1,imagesnotok/003125.jpg
1,imagesnotok/003126.jpg
1,imagesnotok/003127.jpg
1,imagesnotok/003128.jpg
1,imagesnotok/003129.jpg
1,imagesnotok/003130.jpg
1,imagesnotok/003131.jpg
1,imagesnotok/003132.jpg
1,imagesnotok/003133.jpg
1,imagesnotok/003134.jpg
1,imagesnotok/003135.jpg
1,imagesnotok/003136.jpg
1,imagesnotok/003137.jpg
1,imagesnotok/003138.jpg
1,imagesnotok/003139.jpg
1,imagesnotok/003140.jpg
1,imagesnotok/003141.jpg
1,imagesnotok/003142.jpg
1,imagesnotok/003143.jpg
1,imagesnotok/003144.jpg
1,imagesnotok/003145.jpg
1,imagesnotok/003146.jpg
1,imagesnotok/003147.jpg
1,imagesnotok/003148.jpg
1,imagesnotok/003149.jpg
1,imagesnotok/003150.jpg
1,imagesnotok/003151.jpg
1,imagesnotok/003152.jpg
1,imagesnotok/003153.jpg
1,imagesnotok/003154.jpg
1,imagesnotok/003155.jpg
1,imagesnotok/003156.jpg
1,imagesnotok/003157.jpg
1,imagesnotok/003158.jpg
1,imagesnotok/003159.jpg
1,imagesnotok/003160.jpg
1,imagesnotok/003161.jpg
1,imagesnotok/003162.jpg
1,imagesnotok/003163.jpg
1,imagesnotok/003164.jpg
1,imagesnotok/003165.jpg
1,imagesnotok/003166.jpg
1,imagesnotok/003167.jpg
1,imagesnotok/003168.jpg
1,imagesnotok/003169.jpg
1,imagesnotok/003170.jpg
1,imagesnotok/003171.jpg
1,imagesnotok/003172.jpg
1,imagesnotok/003173.jpg
1,imagesnotok/003174.jpg
1,imagesnotok/003175.jpg
1,imagesnotok/003176.jpg
1,imagesnotok/003177.jpg
1,imagesnotok/003178.jpg
1,imagesnotok/003179.jpg
1,imagesnotok/003180.jpg
1,imagesnotok/003181.jpg
1,imagesnotok/003182.jpg
1,imagesnotok/003183.jpg
1,imagesnotok/003184.jpg
1,imagesnotok/003185.jpg
1,imagesnotok/003186.jpg
1,imagesnotok/003187.jpg
1,imagesnotok/003188.jpg
1,imagesnotok/003189.jpg
1,imagesnotok/003190.jpg
1,imagesnotok/003191.jpg
1,imagesnotok/003192.jpg
1,imagesnotok/003193.jpg
1,imagesnotok/003194.jpg
1,imagesnotok/003195.jpg
1,imagesnotok/003196.jpg
1,imagesnotok/003197.jpg
1,imagesnotok/003198.jpg
1,imagesnotok/003199.jpg
1,imagesnotok/003200.jpg
1,imagesnotok/003201.jpg
1,imagesnotok/003202.jpg
1,imagesnotok/003203.jpg
1,imagesnotok/003204.jpg
1,imagesnotok/003205.jpg
1,imagesnotok/003206.jpg
1,imagesnotok/003207.jpg
1,imagesnotok/003208.jpg
1,imagesnotok/003209.jpg
1,imagesnotok/003210.jpg
1,imagesnotok/003211.jpg
1,imagesnotok/003212.jpg
1,imagesnotok/003213.jpg
1,imagesnotok/003214.jpg
1,imagesnotok/003215.jpg
1,imagesnotok/003216.jpg
1,imagesnotok/003217.jpg
1,imagesnotok/003218.jpg
1,imagesnotok/003219.jpg
1,imagesnotok/003220.jpg
1,imagesnotok/003221.jpg
1,imagesnotok/003222.jpg
1,imagesnotok/003223.jpg
1,imagesnotok/003224.jpg
1,imagesnotok/003225.jpg
1,imagesnotok/003226.jpg
1,imagesnotok/003227.jpg
1,imagesnotok/003228.jpg
1,imagesnotok/003229.jpg
1,imagesnotok/003230.jpg
1,imagesnotok/003231.jpg
1,imagesnotok/003232.jpg
1,imagesnotok/003233.jpg
1,imagesnotok/003234.jpg
1,imagesnotok/003235.jpg
1,imagesnotok/003236.jpg
1,imagesnotok/003237.jpg
1,imagesnotok/003238.jpg
1,imagesnotok/003239.jpg
1,imagesnotok/003240.jpg
1,imagesnotok/003241.jpg
1,imagesnotok/003242.jpg
1,imagesnotok/003243.jpg
1,imagesnotok/003244.jpg
1,imagesnotok/003245.jpg
1,imagesnotok/003246.jpg
1,imagesnotok/003247.jpg
1,imagesnotok/003248.jpg
1,imagesnotok/003249.jpg
1,imagesnotok/003250.jpg
1,imagesnotok/003251.jpg
1,imagesnotok/003252.jpg
1,imagesnotok/003253.jpg
1,imagesnotok/003254.jpg
1,imagesnotok/003255.jpg
1,imagesnotok/003256.jpg
1,imagesnotok/003257.jpg
1,imagesnotok/003258.jpg
1,imagesnotok/003259.jpg
1,imagesnotok/003260.jpg
1,imagesnotok/003261.jpg
1,imagesnotok/003262.jpg
1,imagesnotok/003263.jpg
1,imagesnotok/003264.jpg
1,imagesnotok/003265.jpg
1,imagesnotok/003266.jpg
1,imagesnotok/003267.jpg
1,imagesnotok/003268.jpg
1,imagesnotok/003269.jpg
1,imagesnotok/003270.jpg
1,imagesnotok/003271.jpg
1,imagesnotok/003272.jpg
1,imagesnotok/003273.jpg
1,imagesnotok/003274.jpg
1,imagesnotok/003275.jpg
1,imagesnotok/003276.jpg
1,imagesnotok/003277.jpg
1,imagesnotok/003278.jpg
1,imagesnotok/003279.jpg
1,imagesnotok/003280.jpg
1,imagesnotok/003281.jpg
1,imagesnotok/003282.jpg
1,imagesnotok/003283.jpg
1,imagesnotok/003284.jpg
1,imagesnotok/003285.jpg
1,imagesnotok/003286.jpg
1,imagesnotok/003287.jpg
1,imagesnotok/003288.jpg
1,imagesnotok/003289.jpg
1,imagesnotok/003290.jpg
1,imagesnotok/003291.jpg
1,imagesnotok/003292.jpg
1,imagesnotok/003293.jpg
1,imagesnotok/003294.jpg
1,imagesnotok/003295.jpg
1,imagesnotok/003296.jpg
1,imagesnotok/003297.jpg
1,imagesnotok/003298.jpg
1,imagesnotok/003299.jpg
1,imagesnotok/003300.jpg
1,imagesnotok/003301.jpg
1,imagesnotok/003302.jpg
1,imagesnotok/003303.jpg
1,imagesnotok/003304.jpg
1,imagesnotok/003305.jpg
1,imagesnotok/003306.jpg
1,imagesnotok/003307.jpg
1,imagesnotok/003308.jpg
1,imagesnotok/003309.jpg
1,imagesnotok/003310.jpg
1,imagesnotok/003311.jpg
1,imagesnotok/003312.jpg
1,imagesnotok/003313.jpg
1,imagesnotok/003314.jpg
1,imagesnotok/003315.jpg
1,imagesnotok/003316.jpg
1,imagesnotok/003317.jpg
1,imagesnotok/003318.jpg
1,imagesnotok/003319.jpg
1,imagesnotok/003320.jpg
1,imagesnotok/003321.jpg
1,imagesnotok/003322.jpg
1,imagesnotok/003323.jpg
1,imagesnotok/003324.jpg
1,imagesnotok/003325.jpg
1,imagesnotok/003326.jpg
1,imagesnotok/003327.jpg
1,imagesnotok/003328.jpg
1,imagesnotok/003329.jpg
1,imagesnotok/003330.jpg
1,imagesnotok/003331.jpg
1,imagesnotok/003332.jpg
1,imagesnotok/003333.jpg
1,imagesnotok/003334.jpg
1,imagesnotok/003335.jpg
1,imagesnotok/003336.jpg
1,imagesnotok/003337.jpg
1,imagesnotok/003338.jpg
1,imagesnotok/003339.jpg
1,imagesnotok/003340.jpg
1,imagesnotok/003341.jpg
1,imagesnotok/003342.jpg
1,imagesnotok/003343.jpg
1,imagesnotok/003344.jpg
1,imagesnotok/003345.jpg
1,imagesnotok/003346.jpg
1,imagesnotok/003347.jpg
1,imagesnotok/003348.jpg
1,imagesnotok/003349.jpg
1,imagesnotok/003350.jpg
1,imagesnotok/003351.jpg
1,imagesnotok/003352.jpg
1,imagesnotok/003353.jpg
1,imagesnotok/003354.jpg
1,imagesnotok/003355.jpg
1,imagesnotok/003356.jpg
1,imagesnotok/003357.jpg
1,imagesnotok/003358.jpg
1,imagesnotok/003359.jpg
1,imagesnotok/003360.jpg
1,imagesnotok/003361.jpg
1,imagesnotok/003362.jpg
1,imagesnotok/003363.jpg
1,imagesnotok/003364.jpg
1,imagesnotok/003365.jpg
1,imagesnotok/003366.jpg
1,imagesnotok/003367.jpg
1,imagesnotok/003368.jpg
1,imagesnotok/003369.jpg
1,imagesnotok/003370.jpg
1,imagesnotok/003371.jpg
1,imagesnotok/003372.jpg
1,imagesnotok/003373.jpg
1,imagesnotok/003374.jpg
1,imagesnotok/003375.jpg
1,imagesnotok/003376.jpg
1,imagesnotok/003377.jpg
1,imagesnotok/003378.jpg
1,imagesnotok/003379.jpg
1,imagesnotok/003380.jpg
1,imagesnotok/003381.jpg
1,imagesnotok/003382.jpg
1,imagesnotok/003383.jpg
1,imagesnotok/003384.jpg
1,imagesnotok/003385.jpg
1,imagesnotok/003386.jpg
1,imagesnotok/003387.jpg
1,imagesnotok/003388.jpg
1,imagesnotok/003389.jpg
1,imagesnotok/003390.jpg
1,imagesnotok/003391.jpg
1,imagesnotok/003392.jpg
1,imagesnotok/003393.jpg
1,imagesnotok/003394.jpg
1,imagesnotok/003395.jpg
1,imagesnotok/003396.jpg
1,imagesnotok/003397.jpg
1,imagesnotok/003398.jpg
1,imagesnotok/003399.jpg
1,imagesnotok/003400.jpg
1,imagesnotok/003401.jpg
1,imagesnotok/003402.jpg
1,imagesnotok/003403.jpg
1,imagesnotok/003404.jpg
1,imagesnotok/003405.jpg
1,imagesnotok/003406.jpg
1,imagesnotok/003407.jpg
1,imagesnotok/003408.jpg
1,imagesnotok/003409.jpg
1,imagesnotok/003410.jpg
1,imagesnotok/003411.jpg
1,imagesnotok/003412.jpg
1,imagesnotok/003413.jpg
1,imagesnotok/003414.jpg
1,imagesnotok/003415.jpg
1,imagesnotok/003416.jpg
1,imagesnotok/003417.jpg
1,imagesnotok/003418.jpg
1,imagesnotok/003419.jpg
1,imagesnotok/003420.jpg
1,imagesnotok/003421.jpg
1,imagesnotok/003422.jpg
1,imagesnotok/003423.jpg
1,imagesnotok/003424.jpg
1,imagesnotok/003425.jpg
1,imagesnotok/003426.jpg
1,imagesnotok/003427.jpg
1,imagesnotok/003428.jpg
1,imagesnotok/003429.jpg
1,imagesnotok/003430.jpg
1,imagesnotok/003431.jpg
1,imagesnotok/003432.jpg
1,imagesnotok/003433.jpg
1,imagesnotok/003434.jpg
1,imagesnotok/003435.jpg
1,imagesnotok/003436.jpg
1,imagesnotok/003437.jpg
1,imagesnotok/003438.jpg
1,imagesnotok/003439.jpg
1,imagesnotok/003440.jpg
1,imagesnotok/003441.jpg
1,imagesnotok/003442.jpg
1,imagesnotok/003443.jpg
1,imagesnotok/003444.jpg
1,imagesnotok/003445.jpg
1,imagesnotok/003446.jpg
1,imagesnotok/003447.jpg
1,imagesnotok/003448.jpg
1,imagesnotok/003449.jpg
1,imagesnotok/003450.jpg
1,imagesnotok/003451.jpg
1,imagesnotok/003452.jpg
1,imagesnotok/003453.jpg
1,imagesnotok/003454.jpg
1,imagesnotok/003455.jpg
1,imagesnotok/003456.jpg
1,imagesnotok/003457.jpg
1,imagesnotok/003458.jpg
1,imagesnotok/003459.jpg
1,imagesnotok/003460.jpg
1,imagesnotok/003461.jpg
1,imagesnotok/003462.jpg
1,imagesnotok/003463.jpg
1,imagesnotok/003464.jpg
1,imagesnotok/003465.jpg
1,imagesnotok/003466.jpg
1,imagesnotok/003467.jpg
1,imagesnotok/003468.jpg
1,imagesnotok/003469.jpg
1,imagesnotok/003470.jpg
1,imagesnotok/003471.jpg
1,imagesnotok/003472.jpg
1,imagesnotok/003473.jpg
1,imagesnotok/003474.jpg
1,imagesnotok/003475.jpg
1,imagesnotok/003476.jpg
1,imagesnotok/003477.jpg
1,imagesnotok/003478.jpg
1,imagesnotok/003479.jpg
1,imagesnotok/003480.jpg
1,imagesnotok/003481.jpg
1,imagesnotok/003482.jpg
1,imagesnotok/003483.jpg
1,imagesnotok/003484.jpg
1,imagesnotok/003485.jpg
1,imagesnotok/003486.jpg
1,imagesnotok/003487.jpg
1,imagesnotok/003488.jpg
1,imagesnotok/003489.jpg
1,imagesnotok/003490.jpg
1,imagesnotok/003491.jpg
1,imagesnotok/003492.jpg
1,imagesnotok/003493.jpg
1,imagesnotok/003494.jpg
1,imagesnotok/003495.jpg
1,imagesnotok/003496.jpg
1,imagesnotok/003497.jpg
1,imagesnotok/003498.jpg
1,imagesnotok/003499.jpg
1,imagesnotok/003500.jpg
1,imagesnotok/003501.jpg
1,imagesnotok/003502.jpg
1,imagesnotok/003503.jpg
1,imagesnotok/003504.jpg
1,imagesnotok/003505.jpg
1,imagesnotok/003506.jpg
1,imagesnotok/003507.jpg
1,imagesnotok/003508.jpg
1,imagesnotok/003509.jpg
1,imagesnotok/003510.jpg
1,imagesnotok/003511.jpg
1,imagesnotok/003512.jpg
1,imagesnotok/003513.jpg
1,imagesnotok/003514.jpg
1,imagesnotok/003515.jpg
1,imagesnotok/003516.jpg
1,imagesnotok/003517.jpg
1,imagesnotok/003518.jpg
1,imagesnotok/003519.jpg
1,imagesnotok/003520.jpg
1,imagesnotok/003521.jpg
1,imagesnotok/003522.jpg
1,imagesnotok/003523.jpg
1,imagesnotok/003524.jpg
1,imagesnotok/003525.jpg
1,imagesnotok/003526.jpg
1,imagesnotok/003527.jpg
1,imagesnotok/003528.jpg
1,imagesnotok/003529.jpg
1,imagesnotok/003530.jpg
1,imagesnotok/003531.jpg
1,imagesnotok/003532.jpg
1,imagesnotok/003533.jpg
1,imagesnotok/003534.jpg
1,imagesnotok/003535.jpg
1,imagesnotok/003536.jpg
1,imagesnotok/003537.jpg
1,imagesnotok/003538.jpg
1,imagesnotok/003539.jpg
1,imagesnotok/003540.jpg
1,imagesnotok/003541.jpg
1,imagesnotok/003542.jpg
1,imagesnotok/003543.jpg
1,imagesnotok/003544.jpg
1,imagesnotok/003545.jpg
1,imagesnotok/003546.jpg
1,imagesnotok/003547.jpg
1,imagesnotok/003548.jpg
1,imagesnotok/003549.jpg
1,imagesnotok/003550.jpg
1,imagesnotok/003551.jpg
1,imagesnotok/003552.jpg
1,imagesnotok/003553.jpg
1,imagesnotok/003554.jpg
1,imagesnotok/003555.jpg
1,imagesnotok/003556.jpg
1,imagesnotok/003557.jpg
1,imagesnotok/003558.jpg
1,imagesnotok/003559.jpg
1,imagesnotok/003560.jpg
1,imagesnotok/003561.jpg
1,imagesnotok/003562.jpg
1,imagesnotok/003563.jpg
1,imagesnotok/003564.jpg
